KEY,ddg_foldx,status
DNASE2||Y182H,3.86215,ok
SGK1||A48G,1.2778,ok
SGK1||F27L,-0.288295,ok
MYO1F||K552N,-0.532253,ok
SULT2B1||D191N,0.0187538,ok
SULT2B1||R230H,1.66,ok
BMPR1B||I200K,3.65686,ok
BMPR1B||R486Q,-0.717915,ok
BMPR1B||R486W,0.324771,ok
TULP1||F382S,3.06112,ok
TULP1||R420P,-0.241536,ok
TULP1||R482W,0.296152,ok
TNFRSF11B||C87Y,3.49327,ok
CACNB4||C104F,-1.05129,ok
CACNB4||R468Q,2.01845,ok
PIK3CD||E1021K,-0.171168,ok
SLC28A1||V189I,-0.734863,ok
SULT1C2||R73Q,2.2942,ok
SULT1C2||S111F,0.503812,ok
KPNA3||V154G,2.98186,ok
KRIT1||D137G,0.529114,ok
PEX7||D134N,3.00641,ok
PEX7||G217R,17.071,ok
PEX7||H110R,6.91055,ok
PEX7||S164P,7.46506,ok
PEX7||S25F,17.3678,ok
PEX7||S262L,14.7326,ok
WNT7A||A109T,2.25948,ok
WNT7A||G204S,5.39316,ok
WNT7A||R292C,0.538091,ok
SDHD||G12S,-0.577998,ok
SDHD||G148D,8.21754,ok
SDHD||L101P,4.90314,ok
RFXANK||D121V,3.71553,ok
RFXANK||L195P,4.92401,ok
RFXANK||R179C,2.20904,ok
RFXANK||Q251E,0.332177,ok
RFXANK||P259S,0.421187,ok
RFXANK||E48D,0.785153,ok
CHD2||E287Q,-0.13633,ok
CHD2||E412K,0.678124,ok
CHD2||P195L,0.173288,ok
TOR1A||D216H,-0.388973,ok
TOR1A||R288Q,1.7843,ok
SLC9A3R1||L110V,0.537587,ok
SLC9A3R1||R153Q,3.22847,ok
GABRD||R220C,0.832273,ok
TPP1||G77R,3.96228,ok
TPP1||P544S,3.50675,ok
TPP1||R206H,3.07487,ok
PHYH||I199F,8.24596,ok
PHYH||N83Y,-0.78726,ok
TNFRSF13B||A149T,-0.296537,ok
TNFRSF13B||C104R,2.51728,ok
TNFRSF13B||L171R,0.0343613,ok
TNFRSF13B||V246F,-0.306957,ok
TNFRSF13B||K188M,-0.180073,ok
TNFRSF13B||P205L,0.305514,ok
TNFRSF13B||V174A,-0.240821,ok
FFAR1||D175N,0.49234,ok
FFAR1||G180S,1.36717,ok
UQCRQ||S45F,0.148955,ok
XPO1||E571A,0.127845,ok
XPO1||E571K,0.0385991,ok
XPO1||R553C,1.39802,ok
SYN3||S470N,-0.0274266,ok
SEMA3E||S703L,-0.178521,ok
AGPAT2||A239V,0.548497,ok
MUSK||V790M,-0.113943,ok
SLC22A2||M165I,0.266752,ok
SLC22A2||T199I,1.56319,ok
SLC22A2||T201M,-1.03496,ok
TCAP||E132Q,0.5471,ok
TCAP||R18Q,0.271195,ok
TCAP||R70W,-1.12345,ok
TCAP||R87Q,-1.57414,ok
FANCG||G546R,-0.529416,ok
FANCG||T297I,0.46203,ok
MID1||C266R,-1.48592,ok
MID1||K370E,0.685391,ok
MID1||P151L,1.84254,ok
TLR3||L412F,0.77506,ok
FGF10||C106F,1.19717,ok
FGF10||G138E,16.3285,ok
FGF10||I156R,1.06164,ok
FGF10||R80S,1.79531,ok
CYP27B1||D164N,-0.433714,ok
CYP27B1||E189G,-0.433714,ok
CYP27B1||Q65H,4.3072,ok
CYP27B1||R107H,0.670201,ok
PRODH||A167V,0.0685031,ok
PRODH||D426N,1.55958,ok
PRODH||L289M,-0.430518,ok
PRODH||R521Q,0.490226,ok
PRODH||R453C,3.79336,ok
SPINT2||Y163C,2.20735,ok
ARHGEF9||G55A,8.12442,ok
KCNQ2||A196V,1.51423,ok
KCNQ2||S122L,0.311751,ok
KCNQ2||Y284C,0.547795,ok
SPRY2||D20A,1.02879,ok
SPRY2||K68N,0.231087,ok
DCX||S47R,-0.0540704,ok
DCX||G253D,2.36177,ok
DCX||L43S,0.449481,ok
DCX||R178C,0.555199,ok
HCRTR1||I408V,0.295872,ok
TIMM44||A424A,1.13687e-13,ok
TIMM44||P308Q,0.257953,ok
ACTN4||K255E,1.32838,ok
SYNGR1||K99E,-1.03331,ok
SPOP||E47A,-0.618925,ok
SPOP||E50K,0.049266,ok
SPOP||F102C,2.21619,ok
SPOP||F133S,3.52815,ok
SPOP||K101I,1.02735,ok
SPOP||K134N,0.00252019,ok
SPOP||W131C,1.9089,ok
SPOP||W131G,3.37271,ok
SCO2||C133Y,6.22897,ok
SCO2||E140K,0.413312,ok
SCO2||L151P,6.48352,ok
SCO2||S225F,-0.137513,ok
IDH3B||L132P,8.85154,ok
SLC28A2||E385K,-0.183734,ok
SLC28A2||F355S,1.84037,ok
TIMM8A||C66W,7.1001,ok
GDF9||P103S,3.15374,ok
GDF9||P374L,8.81214,ok
GDF9||T238A,0.713517,ok
GDF9||V216M,1.79429,ok
CIDEA||V115F,-1.10262,ok
PLOD3||N223S,0.564966,ok
TLR2||R753Q,0.855969,ok
TLR2||T411I,0.0848443,ok
JAK2||V617F,1.30255,ok
SRPX2||N327S,0.247016,ok
DPM1||S248P,2.36537,ok
DPM1||R92G,2.04024,ok
PQBP1||Y65C,3.40691,ok
DKC1||F36V,1.59063,ok
DKC1||R158W,-0.553103,ok
SH2D1A||G93D,1.95697,ok
SH2D1A||P101L,2.19185,ok
SH2D1A||R32T,1.95697,ok
KCNJ13||R162W,0.657238,ok
KERA||N131D,4.39672,ok
KERA||N247S,4.92237,ok
KERA||T215K,3.81748,ok
MITF||V427A,0.0799355,ok
MITF||E208G,-2.9858,ok
NDUFS7||R145H,3.31152,ok
NDUFS7||V122M,1.74596,ok
FKBP6||F72L,2.26913,ok
FKBP6||R202H,0.821207,ok
MPDU1||G73E,3.53869,ok
MPDU1||L119P,6.04822,ok
MPDU1||L74S,3.34012,ok
NR1I2||A370T,0.535474,ok
NR1I2||Q158K,1.5032,ok
NR1I2||R122Q,0.433764,ok
NR1I2||R98C,0.527573,ok
NDUFS3||P223L,0.81307,ok
PRKRA||P222L,0.349807,ok
RP2||C86Y,18.2969,ok
RP2||L253R,6.64164,ok
RP2||R118H,1.48904,ok
RP2||R282W,-0.080588,ok
RP2||T87I,-1.20816,ok
RP2||R251G,2.60219,ok
RP2||I201V,0.557104,ok
TPM2||R91G,,pos_not_found
MYF6||A90D,,pos_not_found
CER1||R19W,1.09382,ok
APBB3||T318T,-0.0201586,ok
OLFM2||A226A,0.0,ok
SCO1||P174L,1.92775,ok
BCL10||A5S,0.15397,ok
BCL10||L8L,-0.00213737,ok
VAPB||P56S,3.6415,ok
VAPB||D162E,1.81264,ok
VAPB||D130E,0.15806,ok
MBD4||E346K,-0.137163,ok
SLCO2B1||S486F,-0.531733,ok
CYB5A||T60A,1.4647,ok
TRIM37||C109S,0.649372,ok
ADH1C||I350V,1.16244,ok
ETHE1||Y38C,4.70448,ok
ETHE1||L55P,3.67547,ok
RGS9||W299R,6.15474,ok
EPM2A||G279S,3.60972,ok
EPM2A||L310W,9.42192,ok
EPM2A||Y294N,3.57698,ok
PLG||C784G,3.98985,ok
F12||C590S,5.28668,ok
F12||W505C,5.15075,ok
SOD1||G38R,6.99886,ok
SOD1||G42S,3.21114,ok
SOD1||L127S,0.706405,ok
BEST1||L567F,-0.135217,ok
BEST1||R218G,2.62637,ok
BEST1||R92C,2.44035,ok
BEST1||Y85H,1.24332,ok
LDHA||K222E,0.585418,ok
LRAT||S175R,7.33383,ok
OAS1||R242Q,0.790618,ok
PGK1||C316R,1.74885,ok
PGK1||D268N,0.270346,ok
PGK1||R206P,3.35899,ok
F10||E54G,1.12724,ok
F10||R182M,0.609036,ok
F10||R366C,0.626667,ok
F10||V382A,2.8498,ok
CA1||R247H,3.22466,ok
KNG1||M178T,-0.572461,ok
OTC||F316S,4.10326,ok
OTC||G197E,17.7216,ok
OTC||R40H,2.78282,ok
BMP15||Y235C,3.39366,ok
BMP15||N196K,0.477214,ok
BMP15||R61Q,-0.0465721,ok
BMP15||R76C,1.12022,ok
SPINK1||N34S,-0.125365,ok
SPINK1||P55S,2.37545,ok
SPINK1||R65Q,0.330304,ok
PENK||G247D,0.0398172,ok
NPPA||V32M,-0.201486,ok
ASS1||K310Q,2.78545,ok
ASS1||G14S,-1.0595,ok
ASS1||V345G,3.48568,ok
WISP3||C114Y,31.3766,ok
WISP3||C145Y,24.4752,ok
WISP3||C78R,3.20289,ok
WISP3||S334P,4.52015,ok
NGF||R221W,3.28259,ok
PNP||E89K,2.97874,ok
PNP||G156A,4.51251,ok
PNP||G51S,-1.4514,ok
PNP||H257D,0.496977,ok
LTA||T60N,-0.510334,ok
LTA||H51P,-1.347,ok
SERPINA3||L266L,-0.10091,ok
SERPINA3||L78P,8.87633,ok
SERPINA3||M414V,2.03716,ok
SERPINA3||P252A,2.37246,ok
PTH||C18R,-0.959443,ok
IL1A||S113A,-0.161399,ok
IL1B||F105F,-0.0118161,ok
INS||F48L,-0.190284,ok
INS||G84R,0.917989,ok
INS||G90C,-0.6505,ok
INS||R55C,0.370079,ok
PIGR||A580V,0.241009,ok
F9||C170Y,6.81173,ok
F9||C407R,6.1597,ok
F9||E27K,-1.48254,ok
F9||I210T,-0.0328296,ok
FGA||E559V,1.43999,ok
FGA||S453N,-0.279398,ok
TNF||S157R,-2.52276,ok
IFNA17||I184R,1.28408,ok
APOC3||T94A,0.0354296,ok
APOC3||D45N,-0.265175,ok
APOC3||Q58K,-0.16497,ok
C1QA||G92G,0.0,ok
KRAS||A59G,1.27483,ok
KRAS||D33E,0.0204233,ok
KRAS||E62K,0.239854,ok
KRAS||G12A,-0.613714,ok
KRAS||G12C,-0.0995512,ok
KRAS||G12D,-0.193179,ok
KRAS||G12S,-0.125514,ok
FSHB||C69G,5.2498,ok
FSHB||C100R,12.381,ok
C1QC||G34R,-0.445298,ok
NRAS||Y64D,2.6954,ok
NRAS||Q61H,0.452138,ok
NRAS||Q61K,-0.315316,ok
NRAS||Q61L,-0.708858,ok
NRAS||Q61R,-2.32085,ok
RBP4||G93D,0.5675,ok
IDH1||E190K,-0.24267,ok
IDH1||P33S,2.15942,ok
IDH1||R132H,11.6909,ok
A2M||C972Y,7.18124,ok
KRT6A||T552S,0.269674,ok
KRT6A||A463P,2.45864,ok
KRT6A||F174V,0.77158,ok
KRT6A||N171K,-0.393787,ok
KRT6A||F249L,-0.165705,ok
KRT6A||N21S,-0.566581,ok
KRT6A||V523F,-0.1079,ok
C1QB||G42D,-0.967191,ok
C1QB||G244R,20.0719,ok
REN||D104N,-2.2868,ok
REN||R230K,0.752974,ok
REN||S135Y,10.0435,ok
REN||V351I,1.2161,ok
CRYAB||D140N,-0.251694,ok
CRYAB||P20S,0.694883,ok
CRYAB||R120G,2.48912,ok
CRYAB||R56W,2.81018,ok
APOH||C325G,4.2178,ok
APOH||W335S,0.660555,ok
APOH||N75S,2.27114,ok
APOH||A160D,0.0136579,ok
APOH||A119T,-1.05141,ok
FGG||A108G,0.783791,ok
FGG||C165Y,-0.184832,ok
FGG||D356V,0.157061,ok
FGG||G318V,21.8394,ok
SLC4A1||G455E,18.8907,ok
SLC4A1||R646W,4.02299,ok
FGB||A365T,0.352493,ok
FGB||H97L,0.284246,ok
FGB||L202Q,0.27516,ok
FGB||L383R,6.01348,ok
SERPINC1||L158P,6.6804,ok
SERPINC1||N437K,0.247588,ok
SERPINC1||P48H,0.94703,ok
SERPINC1||R79C,1.87444,ok
TTR||C10R,-0.484153,ok
TTR||I93V,1.70991,ok
TTR||R123S,2.20317,ok
TTR||V50M,1.94388,ok
SHBG||D356N,0.0608746,ok
SHBG||P185L,1.41558,ok
GC||D432E,-0.386466,ok
GC||T436K,-0.101696,ok
ANG||G86G,0.0,ok
ANG||P112L,-0.640989,ok
ANG||Q36L,-2.24893,ok
ANG||G110G,0.0,ok
FTL||A96T,1.16991,ok
FTL||H133P,5.13404,ok
FTL||R40G,2.47428,ok
FTL||T30I,-2.18854,ok
EGFR||G719S,7.35573,ok
EGFR||L858R,-0.160266,ok
EGFR||T790M,-1.08965,ok
EGFR||A289V,1.61617,ok
ARG1||T290S,-0.744743,ok
PROC||G114R,-0.262137,ok
PROC||H176N,0.290005,ok
PROC||Q332L,0.132652,ok
CYP1A1||I462V,1.03233,ok
CYP1A1||T461N,0.0102297,ok
HLA-DPB1||K98E,2.8563,ok
INHA||A182D,-0.216469,ok
INHA||A257T,0.476333,ok
SERPING1||V56A,0.185598,ok
ALDOA||C339Y,3.73238,ok
ALDOA||D129G,0.928585,ok
NR3C1||S651F,-1.155,ok
NR3C1||D401H,0.607102,ok
NR3C1||D641V,-0.104721,ok
NR3C1||F737L,1.82623,ok
NR3C1||I747M,1.09204,ok
NR3C1||R23K,0.0905425,ok
NR3C1||V571A,1.26048,ok
NR3C1||V729I,-0.811901,ok
CAT||D54E,3.05525,ok
CAT||E67D,0.274471,ok
CAT||R354H,3.19022,ok
GBA||L224F,9.3901,ok
GBA||L483P,3.3284,ok
GBA||R296Q,2.22436,ok
GBA||V54L,3.18837,ok
F11||F301L,2.01777,ok
F11||L360P,2.8016,ok
F11||Q47H,5.14082,ok
F11||V516M,1.14613,ok
CYBB||C244S,5.05181,ok
CYBB||P415H,5.54448,ok
CYBB||R54G,1.86246,ok
ERBB2||T182I,-0.142452,ok
ERBB2||V842I,0.152963,ok
ERBB2||R897Q,1.14758,ok
ICAM1||G241R,2.14153,ok
ITGB2||C590R,15.711,ok
ITGB2||S138P,1.50574,ok
APOD||F56V,2.4274,ok
APOD||T178K,0.0345189,ok
CYP2E1||R76H,4.13496,ok
SERPINA7||A133P,4.18512,ok
PCCA||A75P,9.37981,ok
PCCA||L417W,9.86633,ok
PCCA||V360G,3.1355,ok
FTH1||K54R,-1.5046,ok
FTH1||A161T,4.87387,ok
CYP1A2||F186L,1.79723,ok
CYP1A2||R377Q,6.12464,ok
CYP1A2||R456H,0.619907,ok
TP53||S215I,-0.306171,ok
TP53||R337H,0.570761,ok
TP53||G245C,5.91959,ok
TP53||P152L,1.25719,ok
TP53||V31I,-0.00838888,ok
TP53||C176F,5.43928,ok
TP53||C275F,0.436887,ok
TP53||C275S,-0.880545,ok
TP53||I195F,5.0334,ok
FUCA1||G65D,5.42461,ok
FUCA1||L410R,9.10298,ok
FUCA1||N334Y,16.1741,ok
FUCA1||S68L,3.8845,ok
BCHE||L358I,6.73217,ok
BCHE||Q546L,-0.994217,ok
BCHE||Y156C,3.75381,ok
KLK1||R77H,4.10883,ok
POLB||R137Q,1.06618,ok
TFAP2A||G262E,-1.65055,ok
TFAP2A||R254W,5.16864,ok
HRAS||K117R,-0.980324,ok
HRAS||A146V,-0.937889,ok
HRAS||E63K,-0.569673,ok
HRAS||H27H,-0.0801318,ok
HRAS||A11D,0.0960138,ok
HRAS||A59T,1.06316,ok
HRAS||G12A,-0.519724,ok
HRAS||G12C,-0.178838,ok
HRAS||G12D,-0.177969,ok
HRAS||Q61K,0.142209,ok
HRAS||Q61L,-0.638835,ok
HRAS||Q61R,-1.45054,ok
KRT8||K464N,0.823881,ok
KRT8||R341H,0.804393,ok
KRT8||V380I,-0.954186,ok
FABP1||T94A,1.0736,ok
RB1||F755I,4.65393,ok
RB1||I782M,-0.165168,ok
RB1||L550I,1.70297,ok
RB1||R451H,7.04871,ok
RB1||V654L,-1.88205,ok
HEXA||L484P,6.18705,ok
HEXA||R178H,0.748548,ok
HEXA||S4P,0.168779,ok
KLKB1||A210E,0.203432,ok
KLKB1||C548Y,23.0501,ok
KLKB1||G123R,22.304,ok
INSR||A1161T,1.27351,ok
INSR||R1201Q,4.10228,ok
INSR||W1227S,5.57873,ok
REG1A||E80K,3.21689,ok
REG1A||P105T,2.43449,ok
REG1A||S131I,0.380425,ok
UROD||P62L,2.08991,ok
UROD||S219F,-1.51686,ok
UROD||Y182C,0.852545,ok
KRT18||G340R,-1.20851,ok
KRT18||H128L,-0.652693,ok
KRT18||Q285R,-0.509791,ok
KRT18||T103A,-0.200113,ok
CD3E||E189Q,0.249855,ok
ADRB2||A119D,1.87399,ok
TPO||A53P,2.97481,ok
TPO||S131P,6.21121,ok
CHRNG||R86C,6.83228,ok
CHRNG||V107G,4.27417,ok
RET||M918T,2.59383,ok
LDHB||R172H,5.55299,ok
LDHB||W325R,2.74555,ok
ELANE||A61V,1.57283,ok
ELANE||C151S,6.80355,ok
ELANE||G210V,4.46722,ok
ERCC1||F231L,0.70067,ok
TPM3||L100M,0.209501,ok
TPM3||M9R,0.831909,ok
TPM3||R168G,1.44585,ok
TPM3||R245G,1.22051,ok
BPGM||R62Q,0.62254,ok
BPGM||R90C,0.336534,ok
CTSG||N125S,-0.745265,ok
PRSS2||D153H,-0.405694,ok
PRSS2||G191R,7.48458,ok
FCGR3A||L102H,3.26121,ok
FCGR3A||L102R,2.75555,ok
MMP2||R101H,6.12018,ok
EPHX1||H139R,0.52284,ok
EPHX1||R43T,-0.0720215,ok
EPHX1||Y113H,2.14145,ok
CRYGC||R168W,1.0462,ok
CRYGC||T5P,2.92799,ok
CRYGC||V86F,-0.0860222,ok
CRYGC||S106N,0.250202,ok
CRYGC||R91W,0.469246,ok
CRYGC||R48H,0.757836,ok
TPM2||E117K,-0.465175,ok
TPM2||Q147P,2.37892,ok
GSTA2||P110S,2.4791,ok
WNT2||V334M,-0.63753,ok
MMP10||G65R,-1.18659,ok
C2||C131Y,28.8386,ok
C2||E318D,0.32803,ok
C2||G464R,33.0981,ok
C2||S209F,7.71436,ok
CFH||A307A,0.0,ok
CFH||Q400K,0.102413,ok
CFH||R127L,0.531659,ok
SERPIND1||E447K,1.68837,ok
SERPIND1||P462L,0.97906,ok
SERPIND1||R208H,2.36876,ok
GALT||G175D,4.83647,ok
GALT||H319Q,3.48457,ok
GALT||R272H,7.4459,ok
GALT||Y34N,1.82113,ok
CRYGD||E107A,1.70715,ok
CRYGD||G61C,3.00239,ok
CRYGD||P24T,2.43167,ok
CRYGD||R15C,2.06481,ok
CRYGD||V126M,3.83707,ok
CRYGD||R15H,1.98396,ok
SPP1||D94D,-0.000615583,ok
HIST1H1E||A60D,-0.177995,ok
TFPI||P179L,0.264011,ok
GUSB||L243P,3.86198,ok
GUSB||P148S,1.79174,ok
GUSB||R382C,6.05313,ok
GUSB||Y626H,4.54126,ok
ADORA3||I248L,-0.135832,ok
CHGA||G382S,0.0788274,ok
CHGA||P388L,-0.554137,ok
ALOX5||E254K,0.0973405,ok
PPIAL4G||N35H,4.73575,ok
PDHA1||L216F,2.03288,ok
PDHA1||R127W,6.43847,ok
PDHA1||R378H,0.842528,ok
PDHA1||R88C,0.792079,ok
PNMT||N9S,1.73217,ok
UCHL1||I93M,0.390201,ok
UCHL1||S18Y,-0.228245,ok
PCCB||G112D,13.5477,ok
PCCB||G131R,37.6037,ok
PCCB||R165W,4.83068,ok
PCCB||Y439C,1.27524,ok
TPM1||D175N,-0.259539,ok
TPM1||E40K,-0.595881,ok
TPM1||M281T,0.838704,ok
TPM1||V95A,-0.254466,ok
CLU||Q381P,-0.287779,ok
FBP1||G260R,12.5395,ok
MBL2||R52C,0.552636,ok
DLD||E375K,0.0680464,ok
DLD||G229C,4.39402,ok
DLD||I393T,3.78761,ok
DLD||K72E,1.09298,ok
UMPS||G429R,2.45185,ok
PRKAR1A||A213D,1.32365,ok
PRKAR1A||G289W,9.36718,ok
PRKAR1A||R74C,0.845375,ok
PRKAR1A||S147G,0.526255,ok
HMBS||D61N,0.314118,ok
HMBS||D99G,0.834308,ok
HMBS||E209K,-0.345461,ok
HMBS||G274R,2.12141,ok
CYP3A4||I118V,1.28705,ok
CYP3A4||L373F,3.27442,ok
CYP3A4||P467S,2.88133,ok
CYP3A4||R130Q,0.577813,ok
STS||R454C,6.02047,ok
STS||S341L,8.07753,ok
STS||W372R,3.55862,ok
PSG2||H245Y,-0.590981,ok
PSG2||S265C,0.74664,ok
UROS||A69T,3.70713,ok
UROS||G188R,3.17612,ok
UROS||L237P,5.11759,ok
UROS||P53L,5.8892,ok
LIPC||N215S,0.00838836,ok
LIPC||T405M,-0.304837,ok
EGR2||E412K,1.93153,ok
EGR2||I268N,0.0141286,ok
CHRNB1||L262M,0.058151,ok
CHRNB1||V266M,1.05058,ok
PC||A610T,0.332926,ok
CDK4||A23S,2.55079,ok
CYP2A6||G479V,6.97849,ok
CYP2A6||L160H,2.90476,ok
CYP2A6||V110L,-0.152411,ok
CYP2A6||V365M,-0.885996,ok
SLC2A2||G318R,27.045,ok
SLC2A2||V197I,2.61578,ok
SLC2A2||W444R,3.95186,ok
SLC2A3||F88S,1.45125,ok
SLC2A3||G109V,-2.23103,ok
SLC2A3||K49N,0.0127418,ok
MYL2||K104E,1.28825,ok
MYL2||A13T,-0.203849,ok
MYL2||G162R,2.645,ok
MYL2||R58Q,0.5255,ok
CYP2C9||I359L,1.40016,ok
CYP2C9||V490F,-1.45462,ok
IMPDH2||L263F,7.63199,ok
BMP4||S91C,-0.032125,ok
BMP4||G168A,2.04769,ok
BMP4||S367T,0.475067,ok
BMP4||T225A,0.976782,ok
SFTPC||C189G,4.84368,ok
SFTPC||H64P,2.51428,ok
SFTPC||P30L,-0.630658,ok
SFTPC||Y104H,3.62496,ok
TDGF1||P125L,0.86032,ok
TDGF1||V110L,-0.529003,ok
GZMA||G210E,8.07848,ok
GZMA||H38N,0.405051,ok
SLC2A1||P485L,0.807787,ok
SLC2A1||R212H,0.344787,ok
SLC2A1||S66F,-1.16985,ok
SLC2A1||V433I,-0.622275,ok
SLC2A1||P479T,1.55835,ok
SLC2A1||F104L,0.882193,ok
NCF1||G262S,12.3992,ok
RLBP1||G146D,5.11771,ok
RLBP1||I200T,3.01108,ok
RLBP1||M226K,2.79898,ok
RLBP1||R151Q,7.12835,ok
CETP||D459G,0.718598,ok
CETP||L168P,4.04039,ok
CETP||L313Q,3.44051,ok
CETP||S349Y,0.20964,ok
PDHB||C306R,-1.00105,ok
PDHB||I142M,9.733,ok
PDHB||R36C,1.44234,ok
PDHB||Y132C,0.974055,ok
KRT13||L115P,3.46671,ok
EDN3||A17T,-0.744254,ok
EDN3||A224T,-0.141815,ok
EDN3||C159F,3.55274,ok
EDN3||E48D,0.101234,ok
DRD2||P310S,0.311535,ok
DRD2||P319P,-0.00469617,ok
DRD2||S311C,0.21718,ok
DRD2||V154I,-0.500182,ok
RAC2||D57N,1.16392,ok
IL9||T117M,-0.279376,ok
GNAT1||G38D,-0.377981,ok
GNAT1||Q200E,0.200328,ok
CPN1||G178D,5.00788,ok
NME1||S120G,2.57418,ok
THRB||A268G,1.88189,ok
THRB||C446R,11.5481,ok
THRB||L330S,4.1373,ok
THRB||M442V,1.08588,ok
THRB||N343K,-0.0639588,ok
THRB||P453L,1.38616,ok
THRB||Q374K,5.39687,ok
THRB||S314C,-0.990005,ok
GFAP||E207Q,-0.678932,ok
GFAP||E374G,0.615963,ok
GFAP||P47L,-0.221131,ok
GFAP||R258P,4.03005,ok
GFAP||D295N,-0.0801043,ok
FGFR1||R622G,1.1979,ok
FGFR1||V607M,0.551635,ok
FGFR1||W666R,4.99936,ok
H2AFX||K134N,0.578556,ok
ETFA||F144S,3.58831,ok
ETFA||L212P,1.81477,ok
ETFA||T266M,-0.442755,ok
HPGD||A140P,-1.6281,ok
HPGD||S193P,3.77593,ok
COX6B1||R20H,1.96257,ok
GLUL||R324C,3.79928,ok
GLUL||R341C,3.99321,ok
KCNE1||D76N,0.534039,ok
KCNE1||W87R,-1.25826,ok
CTLA4||I53M,0.503926,ok
GATA1||D218G,1.45309,ok
GATA1||V205M,-0.798834,ok
CRISP2||C196R,2.39302,ok
PDGFRA||D842V,0.212173,ok
PDGFRA||T674M,-1.22773,ok
IFNAR1||V168L,0.299402,ok
CYP19A1||M127R,1.90668,ok
CYP19A1||R435C,2.11004,ok
CYP19A1||V370M,-0.737207,ok
CYP19A1||W39R,-0.840609,ok
TCF4||G358V,4.545,ok
TCF4||R578H,0.962871,ok
TCF4||R578P,3.50105,ok
AKR1C4||L311V,2.70634,ok
EPB42||A112T,-0.574962,ok
EPB42||R280Q,2.94079,ok
EPB42||R287C,6.41752,ok
NAT1||V149I,-0.618601,ok
BMP7||R303C,0.906046,ok
ATF6||A145P,4.37669,ok
ATF6||P157S,-0.66669,ok
CD44||T163K,0.327082,ok
CD44||R46P,-0.137586,ok
PGAM2||R90W,12.6198,ok
PGAM2||E89A,4.18073,ok
VCAM1||G413A,3.37952,ok
IL7R||C74Y,2.01002,ok
IL7R||L55Q,5.22791,ok
IL7R||P132S,3.34622,ok
IL7R||V138I,0.18848,ok
IL7R||T414M,0.427605,ok
IL7R||T244I,-0.227477,ok
IL7R||I66T,0.459755,ok
ACADM||A27V,0.205498,ok
ACADM||K329E,1.45614,ok
ACADM||M274V,1.83379,ok
ACADM||R206C,1.61434,ok
SMPD1||D51V,0.59079,ok
SMPD1||G244R,4.49772,ok
SMPD1||P332R,2.24277,ok
FUT1||G90V,14.2704,ok
FUT1||L164H,2.53201,ok
GJA1||E352G,0.732627,ok
GJA1||I130T,2.56344,ok
ACADS||G274S,1.07289,ok
ACADS||R46W,3.55043,ok
ACADS||W177R,3.88937,ok
GABRG2||K328M,0.0298711,ok
GABRG2||R177G,3.90339,ok
TNFRSF1B||M196R,-1.14734,ok
PHKG2||D215N,2.9527,ok
PHKG2||G189E,11.9326,ok
PHKG2||H145Y,3.01397,ok
PHKG2||L226R,2.64101,ok
PHKG2||V106E,4.42837,ok
HK1||L529S,4.58952,ok
HK1||T680S,0.155628,ok
ERCC3||K449R,-0.131112,ok
FPR1||C126W,-0.213235,ok
FPR1||F110S,4.22381,ok
FPR1||I11T,-0.246026,ok
FPR1||V101L,1.24983,ok
FUT3||I356K,5.83093,ok
FUT3||L20R,-0.35129,ok
FUT3||S124A,-0.0463511,ok
TAT||L273P,6.07929,ok
TAT||P220S,7.22112,ok
TAT||R119W,19.167,ok
TAT||R433W,0.0173981,ok
TNFAIP3||F127C,1.70889,ok
COMT||A72S,1.42259,ok
COMT||V158M,1.88366,ok
PEPD||D276N,-5.15598,ok
PEPD||G448R,33.4171,ok
PEPD||R184Q,3.94886,ok
PEPD||S202F,19.5084,ok
IL10||G15R,-0.0413707,ok
NCF2||G78E,12.9414,ok
NCF2||N419I,2.91499,ok
NCF2||R395W,6.85308,ok
NCF2||R77Q,5.06624,ok
BCKDHB||H206R,-1.20858,ok
CRYGS||G18V,6.09396,ok
CRYGS||S39C,3.81513,ok
MYF6||A112S,-0.148015,ok
BDNF||T2I,0.196054,ok
SDHB||C186Y,2.98288,ok
SDHB||G53R,2.05687,ok
SDHB||L87S,5.22161,ok
SDHB||R230L,2.89447,ok
CA4||R14W,0.588867,ok
CA4||R219S,3.62804,ok
CA4||R69H,0.637842,ok
CAPN3||A798E,0.390868,ok
CAPN3||T706K,0.321803,ok
CAPN3||D778N,-0.469224,ok
DRD1||A229T,0.378117,ok
DRD1||S199A,-0.579982,ok
DRD1||T37P,4.15899,ok
DRD1||T37R,7.86431,ok
GATA3||R330K,-0.182201,ok
GATA3||S118F,0.120504,ok
GATA3||S140F,0.154801,ok
FCAR||D113N,1.03025,ok
FCAR||R108R,-0.00447448,ok
HRH2||N217D,0.251909,ok
AGA||G302R,16.5125,ok
AGA||G60D,14.7036,ok
ALAS2||I289T,1.43625,ok
ALAS2||I476N,3.30865,ok
ALAS2||R448Q,2.36695,ok
PTAFR||A224D,0.20737,ok
IGFBP5||R138W,0.154557,ok
CD40||P227A,0.157763,ok
FAS||E256G,1.66848,ok
FAS||H111P,-0.4472,ok
FAS||T74T,-0.00595014,ok
NFKBIA||P137S,2.33144,ok
TSHR||A204V,0.622141,ok
TSHR||G132R,2.17014,ok
TSHR||K183R,-1.26861,ok
TSHR||P27T,1.38108,ok
TSHR||R109Q,1.64051,ok
FSHR||N191I,1.49897,ok
FSHR||A419T,3.50502,ok
FSHR||D567N,0.617569,ok
FSHR||T449I,0.370995,ok
FSHR||V221G,0.830459,ok
GIF||I220T,4.0143,ok
GIF||S46L,0.389794,ok
MST1||R689C,0.913734,ok
FGFR2||A648T,0.775057,ok
FGFR2||E565G,4.02546,ok
FGFR2||K641R,-0.240525,ok
FGFR2||N549H,5.99474,ok
FGFR2||Q289P,3.70235,ok
FGFR2||S267F,-0.306425,ok
FGFR2||Y328C,0.992089,ok
PROZ||E70K,-1.30389,ok
PROZ||E70Q,-0.716952,ok
PROZ||L264P,6.83014,ok
PSMB9||V32I,0.47477,ok
HTR1B||F124C,1.25446,ok
UCP1||A64T,-0.0606804,ok
UCP1||K257N,0.95786,ok
UCP1||M229L,-0.184656,ok
EDNRB||M132I,1.46091,ok
EDNRB||R434C,-0.187611,ok
EDNRB||V111E,3.3948,ok
EDNRB||W276C,2.5577,ok
EDNRB||F292L,0.0422388,ok
DCK||A119G,1.17035,ok
DCK||I24V,1.09975,ok
DCK||P122S,3.67469,ok
PIK3R1||M326I,0.535292,ok
PIK3R1||R409Q,1.36681,ok
GRN||P248L,1.4612,ok
TACR3||G93D,-0.401423,ok
MPG||R60C,0.544318,ok
FECH||E178K,1.42186,ok
FECH||G55C,-0.210578,ok
FECH||S264L,5.73993,ok
FECH||V362G,3.83766,ok
CYP3A5||A337T,0.478516,ok
CYP3A5||F446S,4.44953,ok
CYP3A5||D336N,2.80372,ok
CYP3A5||G177R,1.60538,ok
APEX1||E126D,0.445888,ok
APEX1||G306A,3.05126,ok
APEX1||Q51H,0.0659777,ok
MSR1||D174Y,0.368088,ok
MSR1||K430R,-1.41856,ok
MSR1||P36A,-1.43698,ok
MSR1||S41Y,0.79681,ok
AOAH||D28N,0.0745788,ok
CFP||R346C,1.35249,ok
CFP||R100W,6.54906,ok
CFP||W321S,2.69813,ok
CFP||V53M,0.510104,ok
CFP||R79Q,0.283741,ok
CFP||G250S,4.21714,ok
CFP||D299N,0.945193,ok
GRPR||C6S,0.156463,ok
AVPR2||N55D,5.00098,ok
CD38||R140W,1.31802,ok
ALDH4A1||S352L,-0.484996,ok
AHCY||Y143C,2.64231,ok
AHCY||A89V,2.55335,ok
AHCY||D86G,1.65527,ok
AHCY||R49C,1.85691,ok
AHCY||R38W,-0.347983,ok
AHCY||R335C,0.21969,ok
AHCY||G123R,1.5855,ok
AHCY||C421R,-1.29123,ok
GSTT1||D43N,0.632849,ok
GSTT1||T104P,0.438027,ok
GSTT1||T65M,-1.19407,ok
KLRC2||G174R,4.13568,ok
FCGR2B||I232T,0.315933,ok
PCSK1||G483R,0.417234,ok
PCSK1||N221D,0.9106,ok
PCSK1||S307L,0.725153,ok
AQP1||N192K,6.6196,ok
AQP1||P38L,1.3081,ok
AQP1||Q47R,-0.225998,ok
AQP1||V107I,-0.568811,ok
AQP1||V107G,1.68279,ok
AQP1||G165D,-0.511943,ok
AKT2||R274H,9.14701,ok
CDA||A70T,4.96759,ok
CHRNA3||Y215Y,-0.0648189,ok
FMO3||D132H,0.0988033,ok
FMO3||G503R,0.291908,ok
FMO3||L360P,1.6324,ok
FMO3||P153L,0.279833,ok
FMO3||G180V,-0.431776,ok
FMO3||V277A,-0.132511,ok
ELF1||P32S,0.421239,ok
CCKBR||E288K,-0.397939,ok
CCKBR||V125I,-0.0553232,ok
KEL||L597P,-1.24071,ok
KEL||R130W,0.773889,ok
KEL||R406Q,-0.140956,ok
KEL||T193M,-0.790035,ok
GDI1||L92P,4.13839,ok
GDI1||R423P,3.76132,ok
IL2RG||R285Q,0.330383,ok
IL2RG||S108P,4.14199,ok
IL2RG||W237R,6.25224,ok
PPP2R1A||R258H,2.41161,ok
PPP2R1A||S143F,5.59995,ok
PEX2||E55K,5.50811,ok
SDHA||A524V,1.20731,ok
SDHA||A83V,0.343028,ok
SDHA||R451C,-1.67144,ok
BTC||C7G,-0.015106,ok
BTC||P70S,1.72097,ok
OTX2||N225S,0.355446,ok
OTX2||P133T,1.72465,ok
OTX2||P134A,-0.844582,ok
OTX2||R89G,3.10328,ok
SHMT1||S394N,-0.0705328,ok
CD70||D165Y,-1.00634,ok
SFTPD||T180A,0.455976,ok
MSX2||S63C,0.592774,ok
HPD||A268V,4.04099,ok
HPD||Y160C,1.50524,ok
BRAF||K601E,0.708187,ok
BRAF||A749V,0.175222,ok
BRAF||D594V,1.73286,ok
BRAF||E586K,-0.650069,ok
BRAF||G464V,7.17414,ok
BRAF||G466A,2.85539,ok
BRAF||G466E,2.0778,ok
BRAF||G466V,3.79104,ok
BRAF||G469A,4.28179,ok
BRAF||G469E,7.79221,ok
BRAF||G596R,2.00553,ok
BRAF||V600E,1.6555,ok
BMI1||C18Y,18.1782,ok
GNRHR||Q106R,-0.0314162,ok
GNRHR||Q11K,-0.359478,ok
GNRHR||S217R,-1.19612,ok
GNRHR||Y284C,0.853837,ok
OPRM1||R265H,0.957715,ok
GK||C262R,12.9228,ok
GK||D446V,0.503283,ok
GK||T284M,2.79907,ok
GALNS||N204K,0.275063,ok
GALNS||G116S,12.173,ok
GALNS||S295F,-1.83661,ok
CTNNB1||G34R,0.00672388,ok
CTNNB1||H36Y,-0.0679459,ok
CTNNB1||I35S,-0.271206,ok
CTNNB1||R535Q,1.99047,ok
CTNNB1||T257I,-1.4598,ok
TIMP3||G190C,3.1825,ok
TIMP3||S170C,0.0522956,ok
TIMP3||S204C,0.973582,ok
TIMP3||Y191C,-0.0998718,ok
FLT3||D835Y,-0.681199,ok
SLC5A2||K311R,-2.19302,ok
SLC5A2||R368W,-0.636421,ok
SLC5A2||T51P,3.02227,ok
SLC5A2||V116M,3.75383,ok
SNCA||A30P,3.28735,ok
SNCA||A53T,0.329077,ok
G6PC||G222R,-0.854197,ok
G6PC||P113L,1.37353,ok
G6PC||R83C,1.65449,ok
G6PC||V338F,21.6115,ok
MPI||S102L,12.0515,ok
MPI||M51T,5.94998,ok
MPI||R418H,7.20418,ok
NF2||L535P,4.76481,ok
NF2||N220Y,-1.97044,ok
NF2||R418C,0.505976,ok
GDNF||T154S,-0.0855325,ok
GDNF||D150N,0.269646,ok
GDNF||P21S,0.730775,ok
KRT2||I477N,0.142457,ok
KRT2||N186K,-0.346572,ok
KRT2||Q181P,2.82113,ok
KRT2||G219D,-1.7036,ok
CD96||T280M,-0.0933729,ok
CD79B||G137S,7.08592,ok
ACVR1B||D335N,1.43492,ok
ACVR1B||E412D,4.16261,ok
PPARG||D424N,0.137463,ok
PPARG||P113Q,-0.630964,ok
PPARG||V318M,1.19751,ok
LIPA||G342W,40.9209,ok
LIPA||Q85R,-1.40846,ok
FLT4||H1035R,3.00644,ok
FLT4||L1044P,2.95382,ok
FLT4||P1114L,6.53022,ok
TGFBR2||A329T,0.4184,ok
TGFBR2||L308P,5.0216,ok
TGFBR2||R254H,0.359594,ok
VHL||S38P,-0.342468,ok
VHL||L198R,1.31869,ok
VHL||S65W,43.0293,ok
HSD17B3||A56T,2.59987,ok
HSD17B3||G289S,-0.373356,ok
HSD17B3||Q176P,3.82193,ok
HSD17B3||R80Q,1.00196,ok
HMGCL||R165Q,5.71139,ok
HMGCL||S142F,1.69722,ok
HMGCL||V70L,-0.387329,ok
MLH1||A586D,7.93055,ok
MLH1||G244D,16.715,ok
MLH1||R472I,1.32364,ok
MLH1||S44F,24.3173,ok
TMPO||D185H,-0.205047,ok
HADHA||E510Q,0.986644,ok
HADHA||R676C,6.50524,ok
HADHA||V282D,0.811369,ok
LEP||R105W,18.7771,ok
LEP||S141C,-0.407232,ok
LEP||V110M,-1.00453,ok
GGCX||L394R,1.82315,ok
GGCX||W157R,5.45779,ok
GGCX||V460I,-0.922379,ok
GGCX||S13I,2.04678,ok
GGCX||R325Q,-0.133395,ok
GGCX||D31N,0.447601,ok
AQP2||G64R,2.49978,ok
AQP2||R187H,3.24763,ok
AQP2||T126M,2.91201,ok
RGS2||Q2L,0.276266,ok
RGS2||Q2R,0.0975114,ok
RGS2||R44H,0.450827,ok
EPHX2||K55R,-1.49858,ok
EPHX2||C154Y,-2.03372,ok
EPHX2||E470G,1.55662,ok
EPHX2||R287Q,0.744492,ok
GDF5||C400Y,34.6725,ok
GDF5||M173V,1.8354,ok
STAT3||N472D,1.38583,ok
STAT3||R382L,2.21254,ok
STAT3||R382W,3.10929,ok
HAL||R322P,8.35674,ok
RPS19||G127E,11.5142,ok
RPS19||R101H,0.127886,ok
RPS19||R62W,0.337443,ok
RPS19||V15F,1.98803,ok
AKR1C3||H5Q,-0.5257,ok
TALDO1||R192C,0.0988221,ok
TALDO1||R192H,0.462824,ok
MMP13||F75S,4.96488,ok
PIK3CA||D1045V,0.176985,ok
PIK3CA||H1047Y,1.24154,ok
KIR3DL2||R96Q,1.09056,ok
CHRNA4||L290V,0.665276,ok
CHRNA4||S280F,-0.638879,ok
CHRNA4||S284L,-0.887207,ok
CHRNA4||T261I,1.65652,ok
TSFM||R312W,-0.525818,ok
TSFM||W91G,2.22484,ok
TSFM||V252I,-0.908405,ok
TSFM||S2L,-0.0860188,ok
TSFM||L266I,0.494761,ok
SLC15A1||P586L,0.99081,ok
CDKN1B||E172K,0.533244,ok
CDKN1B||I119T,0.192796,ok
CDKN1B||P95S,0.836892,ok
CDKN1B||C29F,-1.0035,ok
MTNR1A||A157V,0.472839,ok
STAT1||E320Q,-0.914969,ok
STAT1||L600P,6.44921,ok
STAT1||L706S,1.06249,ok
STAT1||Q463H,1.14322,ok
RXRG||G14S,2.16516,ok
FASLG||R156G,1.06299,ok
PIP4K2A||N251S,0.963233,ok
AKT1||E242E,-0.514638,ok
AKT1||D44N,0.280163,ok
AKT1||E17K,-0.414225,ok
AKT1||E267G,1.70633,ok
AKT1||L52R,0.44318,ok
AKT1||Q79K,-0.289313,ok
AKT1||R370C,0.274358,ok
AKT1||V201I,0.0354868,ok
RGR||A234T,3.01449,ok
RGR||H152N,-0.280195,ok
RGR||V132L,-0.643382,ok
RFX5||R149Q,0.452044,ok
HTR3A||A33T,0.305939,ok
HTR3A||M257I,0.624177,ok
HTR3A||P391R,-0.508373,ok
HTR3A||R344H,0.418329,ok
HNF4A||C102W,0.734375,ok
HNF4A||D215Y,13.8342,ok
HNF4A||E285D,4.94997,ok
HNF4A||M373R,-0.0402332,ok
HNF4A||R333H,5.73663,ok
HNF4A||V264M,0.0478101,ok
IL12RB1||C186S,3.69466,ok
IL12RB1||C198R,9.35142,ok
IL12RB1||L77P,3.54279,ok
IL12RB1||R173P,8.50329,ok
IL12RB1||R156H,2.33797,ok
GSS||R283C,6.80946,ok
CD151||R171C,1.57431,ok
CD151||R178H,11.57,ok
RPIA||A135V,5.08101,ok
CSNK1D||R324H,0.57202,ok
CSNK1D||T44A,0.161211,ok
TNNI2||R174Q,0.527141,ok
CCT5||H147R,0.30207,ok
AMT||G269D,9.2469,ok
AMT||N145I,0.928876,ok
AMT||R320H,4.1305,ok
AMT||V212A,3.8256,ok
ACADSB||E387K,0.225402,ok
ACADSB||T148I,0.720104,ok
ACADSB||Y283C,1.17333,ok
GCLC||H370L,-1.31783,ok
GCLC||P158L,2.5105,ok
GCLC||P414L,4.24748,ok
GCLC||R127C,8.27079,ok
NDUFV1||C206G,0.114707,ok
NDUFV1||T423M,3.35464,ok
HNMT||T105I,-0.36486,ok
EIF2B2||E213G,1.10801,ok
EIF2B2||G200A,1.14933,ok
EIF2B2||V316D,4.67237,ok
CTSK||G146R,3.44546,ok
CTSK||G79R,15.7049,ok
CTSK||I249T,1.57301,ok
TUFM||R339Q,1.37589,ok
TUFM||G149S,2.46393,ok
KHK||A43T,4.80651,ok
KHK||G40R,5.47482,ok
CSRP3||L44P,5.81757,ok
CSRP3||Q91L,0.279682,ok
CSRP3||R100H,0.531399,ok
CSRP3||W4R,-0.0254515,ok
SLC26A2||N425D,2.10869,ok
SULT1A1||H149Y,-2.25626,ok
STAR||A218V,6.53476,ok
STAR||M144R,1.59161,ok
PSEN2||M239V,0.747905,ok
PSEN2||N141I,1.25672,ok
PSEN2||R71W,-0.810642,ok
PSEN2||T430M,-1.80321,ok
SCNN1B||P616L,0.531047,ok
ANXA11||R230C,5.80926,ok
HLCS||E42D,-0.261659,ok
HLCS||L237P,7.91597,ok
HLCS||V547G,4.28566,ok
PIK3CG||K973R,-0.41934,ok
PIK3CG||V168M,-0.29138,ok
PIK3CG||W212C,2.32281,ok
SMARCA2||D1546E,0.101187,ok
INSL3||R102C,0.589126,ok
INSL3||R105H,0.614071,ok
GPC3||G556R,0.839121,ok
GPC3||W296R,4.98753,ok
SCNN1G||E197K,1.58118,ok
SCNN1G||G183S,0.0288084,ok
SCNN1G||L609F,0.533603,ok
SCNN1G||N530S,0.973464,ok
MECP2||R306H,0.380941,ok
MECP2||S134F,1.24209,ok
SERPINB4||T347N,-0.204566,ok
SERPINB4||A137E,0.797632,ok
SERPINB4||E110K,-0.422786,ok
SERPINB4||E250K,-0.0293816,ok
SERPINB4||E290K,0.389757,ok
SERPINB4||F182I,1.26051,ok
ASPA||E285A,3.10136,ok
ASPA||I143F,8.16689,ok
ASPA||M195R,4.83447,ok
BCAM||R175Q,0.198448,ok
BCAM||R77H,2.35864,ok
BCAM||T539A,0.259264,ok
ACVRL1||C344P,-2.18201,ok
ACVRL1||D330N,1.1526,ok
ACVRL1||E206G,1.1187,ok
ACVRL1||E215K,1.38012,ok
ACVRL1||E224K,0.0661117,ok
ACVRL1||G48E,7.70422,ok
ACVRL1||K487T,-0.0584867,ok
ACVRL1||L337P,3.37687,ok
ACVRL1||M376R,1.90116,ok
ACVRL1||P449L,3.88032,ok
ACVRL1||R374W,5.5481,ok
ACVRL1||R484Q,-0.436681,ok
ACVRL1||V380G,2.67479,ok
ACVRL1||P30S,0.744673,ok
KCNJ1||A214V,0.528614,ok
KCNJ1||I142T,1.95415,ok
KCNJ1||K45E,-0.600538,ok
KCNJ1||R311Q,1.47166,ok
HSD17B4||G242E,3.44421,ok
HSD17B4||R506H,4.33386,ok
HSD17B4||S153L,-0.02811,ok
CYP2J2||G312R,5.18757,ok
CYP2J2||I192N,3.1168,ok
CYP2J2||N404Y,2.80524,ok
CLCN2||G715E,3.33968,ok
CLCN2||R577Q,0.247184,ok
TPMT||A80P,4.88247,ok
TPMT||G144R,4.75312,ok
TPMT||L49S,4.89504,ok
TPMT||R215H,0.763304,ok
CRYBB1||S228P,7.32115,ok
ARSE||G245R,0.67646,ok
ARSE||G317R,2.62791,ok
ARSE||P578S,0.99444,ok
ARSE||R12S,0.156169,ok
CPT1A||D454G,4.79023,ok
CPT1A||E360G,2.80245,ok
CPT1A||G709E,14.6988,ok
CPT1A||R123C,2.44864,ok
PPT1||E184K,3.23361,ok
PPT1||H39Q,1.29556,ok
PPT1||R122W,8.31224,ok
PPT1||Y247H,3.64762,ok
NUDT6||R209Q,1.21377,ok
CRYBA4||V36M,0.258875,ok
AKR1D1||P133R,2.96159,ok
AKR1D1||P198L,6.0633,ok
AKR1D1||R261C,2.18949,ok
PMS1||M394T,-0.326633,ok
NR0B1||I361T,3.95906,ok
NR0B1||L381P,7.5704,ok
NR0B1||N440I,1.13197,ok
NR0B1||R425T,5.84848,ok
NR0B1||W105C,1.6694,ok
NR0B1||W291C,4.99096,ok
NR0B1||C200W,0.0229046,ok
CLCNKB||A61D,10.3978,ok
CLCNKB||P124L,4.78142,ok
CLCNKB||R438H,5.05577,ok
CLCNKB||T481S,1.08298,ok
VCP||A439S,1.67717,ok
VCP||T262A,0.426648,ok
SGSH||D273N,-0.070566,ok
SGSH||D444G,1.67548,ok
SGSH||F193L,1.08181,ok
HMGCS2||F174L,2.44222,ok
HMGCS2||V54M,5.0906,ok
MFAP4||Y55S,3.71406,ok
FOXA3||G91R,-1.87947,ok
SUOX||Q396R,10.4548,ok
SUOX||R268Q,7.58185,ok
SUOX||W450R,3.67114,ok
AQP4||D184E,0.395151,ok
AQP4||I128T,1.51434,ok
AQP4||M224T,3.15729,ok
AQP4||M278T,-0.139362,ok
DNM2||E368K,2.84591,ok
IDH2||A416V,3.6432,ok
IDH2||A47V,0.539723,ok
IDH2||E268D,0.267327,ok
IDH2||G137E,-1.20162,ok
IDH2||I139F,6.60944,ok
IDH2||R172K,0.402073,ok
IDH2||R172M,0.790534,ok
IDH2||T331M,-1.95764,ok
UCP2||A268G,1.44673,ok
UCP2||A55V,0.669126,ok
UCP2||L175V,2.6704,ok
WNT4||A114V,3.96211,ok
WNT4||E216G,0.114621,ok
CCNG1||E167K,-0.927028,ok
FGF8||H14N,0.0744442,ok
FGF8||P197R,0.270308,ok
PLTP||R235W,1.78486,ok
PLTP||R476Q,0.00605026,ok
TIRAP||S180L,-2.74608,ok
ANTXR2||Y381C,0.176337,ok
ANTXR2||V386F,1.88485,ok
ANTXR2||V394A,1.77549,ok
TAS2R38||A49P,-0.493113,ok
TAS2R38||I296V,0.243102,ok
CAV3||D28E,0.490629,ok
CAV3||G56S,0.851204,ok
CAV3||S141R,-0.317968,ok
CAV3||T78M,-1.547,ok
CLRN1||C40G,3.76783,ok
CLRN1||S105P,3.3754,ok
CABP4||R124C,0.0297252,ok
PRPS1||N114S,-0.194709,ok
SLURP1||C77R,8.31728,ok
SLURP1||L98P,6.24687,ok
SLURP1||R71H,7.28469,ok
SLURP1||W15R,-0.0389066,ok
HADHB||A326P,7.51638,ok
HADHB||H379R,3.31852,ok
HADHB||R61H,15.954,ok
HADHB||T133P,1.1325,ok
LYZ||I74T,3.61198,ok
PLP1||A247E,5.78682,ok
PLP1||L86P,6.8183,ok
PLP1||P15L,5.03677,ok
PLP1||W163L,-0.0148316,ok
B2M||Y30H,1.19893,ok
B2M||A6V,-0.254555,ok
B2M||D54N,0.122836,ok
PAFAH1B1||C356R,13.3237,ok
PAFAH1B1||D155H,5.74046,ok
PAFAH1B1||F31S,3.08461,ok
PAFAH1B1||H149R,6.9824,ok
PAFAH1B1||H277P,4.22158,ok
PAFAH1B1||R241P,8.77753,ok
PAFAH1B1||S167P,6.18485,ok
PAFAH1B1||S399R,12.5626,ok
PAFAH1B1||V383F,20.6525,ok
ACTA2||R292G,2.95017,ok
RPL11||L20H,5.70654,ok
YARS||E196K,-1.00076,ok
YARS||G41R,-3.59892,ok
ACTB||E364K,-0.130637,ok
ACTB||R183W,0.408183,ok
AK2||D165G,3.41703,ok
AK2||R103W,-0.656454,ok
AK2||R186C,2.27269,ok
OXCT1||C456F,8.48953,ok
OXCT1||G219E,27.5896,ok
OXCT1||V133E,3.47772,ok
STXBP1||C180Y,8.3572,ok
STXBP1||M443R,2.10815,ok
STXBP1||V84D,4.59104,ok
ACTC1||S273F,-1.20301,ok
HIST1H3B||A48S,0.304599,ok
HIST1H3B||L101W,0.0465044,ok
COPS2||G68R,5.95261,ok
RAG2||M285R,1.97227,ok
RAG2||N474S,0.298066,ok
RAG2||R229Q,1.71787,ok
RAG2||T77N,0.377827,ok
GSTO1||A236V,3.99522,ok
PSPH||M52T,0.922165,ok
HBB||A116D,0.419168,ok
HBB||D53G,0.435408,ok
HBB||L32P,7.76839,ok
SMAD3||I170V,1.29407,ok
PITX1||E130K,1.90682,ok
PITX1||G299A,-0.841686,ok
RBM10||R171W,0.312118,ok
PCBD1||C82R,0.225578,ok
PCBD1||E58K,-0.322966,ok
PCBD1||E97K,1.40596,ok
PCBD1||T79I,2.65957,ok
TMPRSS3||A306T,3.15809,ok
TMPRSS3||C407R,9.7785,ok
TMPRSS3||R109W,6.61335,ok
TMPRSS3||R216L,0.560488,ok
CYCS||G42S,7.69481,ok
ABAT||R220K,-0.0571856,ok
TNNC1||C84Y,-1.258,ok
TNNC1||D75Y,-0.62697,ok
TNNC1||E134D,0.51433,ok
TNNC1||L29Q,-0.495362,ok
NDP||C128R,5.28965,ok
NDP||I18K,-0.597567,ok
NDP||S101F,-1.79869,ok
NDP||Y44C,3.24147,ok
MEF2A||G283D,3.46638,ok
MEF2A||P279L,0.0969297,ok
HCCS||E159K,2.4663,ok
HCCS||R217C,1.03697,ok
ATP2B2||G293S,-1.52304,ok
NPC2||N111K,-0.358478,ok
NPC2||S67P,2.19153,ok
NPC2||V30M,0.639266,ok
PMP22||C109R,-0.881028,ok
PMP22||L16P,7.11303,ok
PMP22||L80P,11.5959,ok
PMP22||R157G,1.31191,ok
OLR1||K167N,-0.247007,ok
RHOA||Y42C,2.7897,ok
RHOA||Y42S,3.0925,ok
RHOA||F106L,0.681253,ok
RHOA||G62E,9.18152,ok
RHOA||R5Q,0.345664,ok
RHOA||S85F,19.911,ok
RHOA||T175M,1.05297,ok
SLC7A9||G105R,3.13846,ok
SLC7A9||N227D,1.71582,ok
SLC7A9||V330M,-0.171265,ok
KCNJ10||G77R,-0.240119,ok
KCNJ10||P194H,3.3669,ok
KCNJ10||R348C,1.16205,ok
KCNJ10||R65P,-1.24773,ok
MC2R||C251F,7.17381,ok
MC2R||H139Y,0.0668543,ok
MC2R||L198P,3.47808,ok
MC2R||S74I,1.88084,ok
MC2R||T33I,0.0691599,ok
MC2R||P27R,-0.521131,ok
MC2R||A252T,1.06906,ok
TAP2||M577V,0.408225,ok
ITIH3||P36P,-0.0155756,ok
MVK||H20Q,1.48187,ok
MVK||N205D,1.12037,ok
MVK||N301T,0.907663,ok
MVK||P167L,2.60257,ok
REG3A||G85R,-1.50765,ok
REG3A||P109S,2.44773,ok
PHEX||C77S,6.67803,ok
PHEX||G579V,13.533,ok
PHEX||L206W,4.43924,ok
PHEX||P558R,3.08948,ok
PTH1R||H223R,-1.58367,ok
PTH1R||P132L,5.85113,ok
ALDH6A1||G446R,7.76978,ok
MAT1A||A55D,1.50019,ok
MAT1A||I322M,0.0657196,ok
MAT1A||R199C,5.42404,ok
KCNA1||F414C,1.8888,ok
KCNA1||V174F,-0.436207,ok
FMO1||I303T,3.33977,ok
FMO1||I303V,1.35667,ok
FMO1||K373R,-0.88221,ok
DFNB59||G292R,3.47249,ok
DFNB59||R265C,0.00253026,ok
DFNB59||T54I,0.191322,ok
FUT7||R110Q,-0.40787,ok
PTEN||K6N,-0.64017,ok
PTEN||F90S,3.51937,ok
PTEN||G127V,24.19,ok
PTEN||G129E,-0.377432,ok
PTEN||G129V,0.506147,ok
PTEN||R173H,4.02889,ok
FOXI1||G335V,4.79949,ok
TEK||Y897S,0.528742,ok
TEK||R849W,-1.71506,ok
FOXD4||W148R,5.05149,ok
ITK||R335W,0.625935,ok
RPA4||A33T,-0.0590376,ok
UBE3A||R506C,0.788276,ok
NR1H3||S99S,-0.0615497,ok
ACVR1||G328R,0.0143736,ok
ACVR1||G356D,3.47443,ok
ACVR1||R206H,1.47809,ok
EFEMP1||R345W,0.835305,ok
TRAF3||D463N,-0.393319,ok
PPARA||R127Q,0.105824,ok
PPARA||V227A,-0.0750031,ok
XRCC4||I134T,0.538373,ok
SLC10A2||L243P,3.79133,ok
SLC10A2||P290S,3.18691,ok
SLC10A2||T262M,1.54133,ok
SQSTM1||A381V,0.809416,ok
SQSTM1||P387L,1.92278,ok
SQSTM1||P392L,0.598758,ok
SQSTM1||S399P,6.27242,ok
NEUROD1||H241Q,-0.47507,ok
NEUROD1||R111L,-0.498653,ok
NR5A1||R84H,0.918568,ok
NR5A1||R92Q,-0.313068,ok
NR5A1||V355M,0.528224,ok
CHRND||E402K,-0.215876,ok
CHRND||I79K,3.04065,ok
CHRND||L42P,3.09158,ok
CHRND||Q288E,1.26475,ok
IL10RA||S159G,0.370713,ok
BST1||R125H,1.86956,ok
CUL4B||R572C,0.552628,ok
CUL4B||T213I,-1.90171,ok
BLMH||I443V,0.424267,ok
ACVR2B||R40H,0.615372,ok
ACVR2B||V494I,-0.333569,ok
RAPSN||A189V,1.5464,ok
RAPSN||F139S,4.13246,ok
RAPSN||L14P,5.02795,ok
PTCH1||G110R,-1.3021,ok
PTCH1||T230P,3.12397,ok
IL18||S35S,-0.0296923,ok
SCN1B||C121W,17.9946,ok
SCN1B||E87Q,-0.123252,ok
SCN1B||R85C,3.16703,ok
SCN1B||R85H,2.50993,ok
FHL1||C101F,20.4591,ok
FHL1||C153Y,4.88343,ok
FHL1||C224W,-0.0498091,ok
FHL1||W122S,3.74836,ok
BAAT||M76V,1.20608,ok
MTM1||H469R,-0.671598,ok
MTM1||N189S,4.23447,ok
MTM1||V49F,8.76825,ok
COX10||D336V,2.40059,ok
COX10||N204K,0.947414,ok
COX10||P225L,2.95634,ok
COX10||T196K,1.07135,ok
CBFB||R151H,1.01433,ok
EIF2B1||P278R,1.80642,ok
EIF2B1||V183F,1.98024,ok
EIF2B1||Y275C,3.12681,ok
BMPR2||R491Q,7.88724,ok
CHIT1||A442V,1.18312,ok
CHIT1||E74K,-0.528745,ok
SCARB2||H363N,1.18302,ok
SCARB2||V396I,0.0831277,ok
SCARB2||R121Q,0.451944,ok
SCARB2||M159V,0.105367,ok
SCARB2||G462E,-0.505017,ok
GALE||G319E,1.86996,ok
GALE||G90E,4.39856,ok
GALE||N34S,1.0483,ok
KCNJ11||L147P,3.40834,ok
KCNJ11||R201H,5.59215,ok
KCNJ11||V59A,-0.139,ok
GAMT||D135Y,-3.303,ok
GAMT||T209M,-1.54737,ok
RPS6KA3||D193N,-0.00728331,ok
RPS6KA3||E260D,6.13405,ok
RPS6KA3||F68C,4.4576,ok
RPS6KA3||G431D,-0.400535,ok
RPS6KA3||G75V,1.24409,ok
RPS6KA3||I189K,1.66577,ok
RPS6KA3||L467R,1.95608,ok
RPS6KA3||N544K,2.4065,ok
RPS6KA3||N620D,0.0563155,ok
RPS6KA3||R667S,1.58617,ok
AGER||G82S,6.38503,ok
CRYM||K314T,-0.209027,ok
LBR||N547D,-0.962167,ok
HABP2||G534E,5.74888,ok
MAP2K1||K57T,0.971656,ok
MAP2K1||Y130C,3.05078,ok
MAP2K1||C121S,0.2344,ok
MAP2K1||E203K,2.27318,ok
MAP2K1||L177M,0.610352,ok
MAP2K1||P124S,2.36614,ok
DMC1||M200V,0.927605,ok
POU4F3||L223P,2.86746,ok
LARS2||H324Q,0.220023,ok
ANKRD1||T116M,-0.203431,ok
GNMT||H177N,1.06781,ok
GNMT||L49P,8.89305,ok
GNMT||N141S,2.84619,ok
PVRL1||S112T,0.427614,ok
PVRL1||T131A,-0.0185981,ok
PVRL1||V360G,0.687276,ok
DPYS||G278D,14.001,ok
DPYS||Q334R,1.15202,ok
DPYS||R412M,0.771978,ok
MLC1||A275D,1.55108,ok
MLC1||G130R,-1.55927,ok
SART3||V591M,-0.562314,ok
SMAD2||D304G,1.08043,ok
ADIPOQ||G15G,0.0,ok
ADIPOQ||I164T,3.84132,ok
ADIPOQ||R112C,0.924941,ok
NSDHL||A105V,2.54569,ok
NSDHL||G205S,7.75726,ok
ERBB4||E872K,-0.0371727,ok
NR1I3||H250R,6.49212,ok
NR1I3||L312P,5.99168,ok
CARTPT||L61F,0.0880672,ok
GCKR||R518Q,2.70403,ok
TGFBI||L509R,5.32772,ok
IRF4||K123R,-0.387222,ok
IRF4||R96L,-1.3645,ok
FXN||L106S,5.55809,ok
FXN||R165C,1.24208,ok
NFE2L2||G31R,2.03658,ok
NFE2L2||G31V,4.56096,ok
NFE2L2||N160S,0.209212,ok
NFE2L2||T80K,-0.439464,ok
CNGA3||C191Y,2.11993,ok
CNGA3||P163L,1.47478,ok
CNGA3||R563C,1.09782,ok
CNGA3||S401P,2.2816,ok
ISX||R86C,0.64178,ok
ISX||T87A,0.155984,ok
EBP||E80K,-1.52968,ok
EBP||G157S,1.09325,ok
EBP||L18P,4.47848,ok
EBP||W196S,2.76775,ok
IHH||E131K,-1.01208,ok
IHH||T154I,0.635778,ok
IHH||V190A,3.03525,ok
SLC36A2||G87V,14.5987,ok
SYCP1||E509K,-0.416784,ok
SYCP1||E773K,-0.425255,ok
USH1G||L48P,10.3514,ok
SURF1||G124R,31.6857,ok
SURF1||L203P,8.18325,ok
SURF1||Y274D,-0.948899,ok
ARL13B||R200C,4.43237,ok
ARL13B||P396A,-0.0597076,ok
ARL13B||G315R,-0.173888,ok
CERKL||R106S,0.892295,ok
PYCRL||V105M,-0.681685,ok
GABRA6||R46W,1.55152,ok
GABRA6||G175R,1.36131,ok
GABRA6||G212R,1.4916,ok
GABRA6||P345S,0.532914,ok
ARSI||P228L,3.62787,ok
ARSI||V373M,0.358412,ok
SLC22A6||R454Q,1.78696,ok
GNPTAB||K4Q,-0.447903,ok
GNPTAB||R46Q,0.578616,ok
SPANXN4||P4Q,0.219141,ok
SV2C||G146S,1.77585,ok
SV2C||M727I,0.446693,ok
SV2C||R121Q,2.3974,ok
ACSM3||K367N,1.17073,ok
LCE1B||G102C,1.97795,ok
LCE1B||S42F,-0.79241,ok
LDLRAP1||R238W,0.4936,ok
ZFYVE27||G191V,0.208652,ok
WIPI1||P139S,1.29616,ok
RPE65||E148D,0.9591,ok
RPE65||G104D,4.85084,ok
RPE65||P363T,5.24053,ok
RPE65||T457N,-0.132155,ok
RPE65||N321K,0.45295,ok
RPE65||K294T,3.63807,ok
EXT1||D164H,0.905522,ok
EXT1||G339D,2.92014,ok
EXT1||P496L,0.754911,ok
EXT1||Q27K,0.0280815,ok
BTK||C154S,0.894465,ok
BTK||I56T,2.93389,ok
BTK||K430E,2.31117,ok
BTK||L358F,0.655875,ok
BTK||M509I,5.82511,ok
BTK||P565L,8.50321,ok
BTK||R307T,0.485987,ok
BTK||V219V,-0.00731995,ok
BTK||V64F,7.68878,ok
BTK||Y591S,4.33751,ok
BTK||Y418H,3.48999,ok
BTK||R236Q,0.52066,ok
BTK||E205D,0.77256,ok
CYBRD1||R226H,0.119278,ok
HFE||E168Q,-0.653326,ok
HFE||H63D,3.81153,ok
HFE||Q283P,0.772042,ok
KLHL10||A313T,0.740278,ok
KLHL10||Q216P,-0.54861,ok
ZCCHC12||R7C,0.509511,ok
ZCCHC12||T344I,-0.0968966,ok
SPATA8||E18K,-1.58351,ok
SPATA8||P83T,-0.444449,ok
TSSK4||V227I,-0.459075,ok
TSSK4||V255V,-0.00524908,ok
AMHR2||D426G,1.38064,ok
AMHR2||D491H,1.02068,ok
AMHR2||G142V,1.68201,ok
AMHR2||H282Q,0.914089,ok
AMHR2||R504C,1.73502,ok
AMHR2||R54C,1.78446,ok
AMHR2||V458A,2.36238,ok
AMHR2||R33W,0.168833,ok
SLC39A4||P200L,0.200767,ok
SLC39A4||P84L,1.80362,ok
SLC14A1||N74K,9.79012,ok
SLC14A1||S291P,6.98448,ok
SLC14A1||W171R,0.690913,ok
SLC14A1||V76I,-0.715518,ok
SLC14A1||I117T,2.99681,ok
GLE1||I684T,3.53087,ok
GLE1||R569H,4.56442,ok
GLE1||V617M,-1.62445,ok
CDC73||L64P,6.64916,ok
CDC73||R91P,3.897,ok
STOX1||E608D,1.67625,ok
STOX1||N825I,0.188958,ok
KIF6||W719R,-0.563912,ok
TRAT1||D40Y,-0.138037,ok
TRAT1||E76K,0.0516676,ok
FAM196A||Q46R,0.284301,ok
FAM196A||R399Q,0.230215,ok
DARS2||C152F,2.15321,ok
DARS2||S45G,0.302871,ok
DARS2||Y629C,1.46476,ok
GTF2H5||L21P,4.17034,ok
NHLRC1||C26S,-0.367241,ok
NHLRC1||G194C,2.58842,ok
NHLRC1||P366L,7.48985,ok
EFHC1||P77T,0.957314,ok
EFHC1||R221H,-0.427853,ok
EFHC1||T508R,2.82914,ok
EFHC1||M448T,0.970734,ok
EFHC1||R159W,0.472328,ok
EFHC1||R159G,0.677439,ok
EFHC1||N607S,0.320831,ok
KRT26||S2C,-0.141303,ok
BBS12||T501M,2.89888,ok
BBS12||G540V,6.08818,ok
BBS12||P159L,5.1788,ok
DGUOK||D255Y,2.01519,ok
DGUOK||K51Q,-2.71571,ok
DGUOK||R142K,0.534916,ok
DGUOK||S107P,5.33904,ok
RRM2B||L317V,0.683684,ok
RRM2B||W64R,7.41649,ok
GPIHBP1||G56R,-0.445348,ok
GPIHBP1||Q115P,1.76579,ok
GALNTL5||D221E,-0.421881,ok
GALNTL5||G309E,8.76232,ok
OTUD6A||R171P,5.69843,ok
OTUD6A||V211M,-0.291182,ok
LRRK2||G2019S,-1.00868,ok
ATCAY||S301R,-0.729491,ok
SETX||L1976R,3.49492,ok
SLC30A8||R325W,-0.420486,ok
CPXCR1||A56S,-0.60452,ok
CPXCR1||E73K,-0.404186,ok
CPXCR1||S102P,-0.616177,ok
NIPA1||A100T,4.12965,ok
NIPA1||G106R,-0.750457,ok
PNKD||A7V,0.491838,ok
PNKD||A9V,0.392419,ok
OR2G6||I177F,1.15708,ok
OR2G6||K236M,0.00861051,ok
OR2G6||N294Y,7.29971,ok
OR2G6||N42S,2.27916,ok
OR2G6||R265K,0.116393,ok
OR2G6||W149C,2.42383,ok
ATPAF2||W94R,5.03041,ok
BBS7||T211I,1.66806,ok
SFTPA2||A91P,-0.449852,ok
SFTPA2||F198S,3.32615,ok
SFTPA2||G231V,7.24792,ok
SFTPA2||Q223K,-0.825765,ok
CLDN19||G20D,0.968154,ok
CLDN19||L90P,5.73045,ok
D2HGDH||D375Y,3.73162,ok
D2HGDH||N439D,2.50204,ok
D2HGDH||V444A,3.99858,ok
TPH2||P206S,0.0997653,ok
TPH2||P312P,-3.02456e-05,ok
TPH2||R303W,12.226,ok
TPH2||R441H,3.5441,ok
SLC17A8||A211V,3.88027,ok
LFNG||F188L,1.89016,ok
STK11||F354L,0.191099,ok
STK11||K108R,-1.32573,ok
STK11||L183L,-0.00551781,ok
STK11||L67P,6.36642,ok
STK11||L67R,1.95113,ok
STK11||M136R,5.0904,ok
STK11||N181Y,1.52465,ok
STK11||S232P,-0.581277,ok
STK11||W239C,5.59802,ok
STK11||W308C,5.97038,ok
STK11||D194Y,-1.45882,ok
TUBA1A||E55K,-2.47022,ok
TUBA1A||I188L,0.51222,ok
TUBA1A||L286F,0.0336965,ok
TUBA1A||R402L,2.50446,ok
OR13G1||I132V,1.07281,ok
GPR141||T6N,-0.250111,ok
GPR141||E267K,3.08499,ok
GPR141||Q224K,1.04407,ok
LZTR1||R810W,0.555989,ok
LZTR1||V456G,3.34216,ok
LHFPL5||T165M,2.81811,ok
LHFPL5||Y127C,2.54143,ok
BANK1||A383T,1.43234,ok
BANK1||R61H,2.60478,ok
GCNT2||G350E,7.21902,ok
GCNT2||R383H,2.5284,ok
RNASEH2C||P76L,0.928507,ok
RNASEH2C||R69W,-1.90998,ok
SCARB1||A350A,2.27374e-13,ok
ZNF454||H462Y,0.590115,ok
ZNF454||P299L,2.01886,ok
SSH1||S63N,-1.72823,ok
STAG2||E134D,0.669637,ok
STAG2||P572S,4.33815,ok
STAG2||R560K,0.841612,ok
STAG2||M1057V,-1.65345,ok
STAG2||I314V,0.329498,ok
FLCN||R239C,4.76859,ok
MCFD2||Y135N,1.61689,ok
MCFD2||D81Y,5.20434,ok
BBS10||C91W,30.9847,ok
MFSD8||G52R,-0.922064,ok
MFSD8||R233G,1.62459,ok
MFSD8||T294K,6.02266,ok
GGH||T151I,-0.701497,ok
WBSCR17||A398V,2.21909,ok
WBSCR17||D348N,1.10501,ok
WBSCR17||E289K,1.16712,ok
WBSCR17||E507K,0.931574,ok
WBSCR17||S194R,13.1844,ok
VANGL1||M328T,0.780835,ok
VANGL1||R274Q,-0.607002,ok
VANGL1||E347A,0.0607376,ok
BSND||G284D,-0.461215,ok
BSND||G47R,-1.42558,ok
BSND||R8W,-0.0705203,ok
BSND||V43I,-0.505893,ok
OR2T33||F164V,3.38962,ok
OR2T33||L60P,6.24004,ok
OR2T33||P285L,0.659977,ok
OR2T33||R120S,1.56716,ok
OR2T33||W147C,2.70144,ok
OR2T33||W49L,0.282193,ok
FGF14||F145S,5.04143,ok
TNFRSF14||A102P,0.0429697,ok
KCNV2||G459D,0.898141,ok
KCNV2||L126Q,2.91055,ok
KCNV2||R213P,3.46975,ok
PIK3R3||R383C,0.0225408,ok
MMAA||G188R,6.85545,ok
MMAA||L89P,6.36826,ok
MMAA||R359Q,4.48285,ok
HPS1||L239P,8.29336,ok
PEX13||I326T,3.02761,ok
PEX13||W313G,7.42306,ok
NELL1||R354W,2.72252,ok
ARL11||C148R,-0.575051,ok
BHMT||R239Q,0.468141,ok
ABHD5||E260K,3.77692,ok
ABHD5||E7K,1.34181,ok
RPGR||Q184H,0.26309,ok
RPGR||R425K,0.357989,ok
DTNBP1||P272S,-0.238812,ok
LHX4||L190R,1.50784,ok
LHX4||P389T,0.169042,ok
LHX4||R84C,4.15224,ok
OMA1||P177S,1.63547,ok
KIF2B||E161G,1.14313,ok
KIF2B||I119T,-0.0636927,ok
KIF2B||Q430H,6.45605,ok
KIF2B||R504Q,0.898063,ok
KIF2B||W60L,1.859,ok
DYM||C542R,4.91028,ok
DYM||E87K,0.0926046,ok
DYM||N469Y,14.4022,ok
HYLS1||D211G,3.54072,ok
MMAB||A135T,1.58533,ok
MMAB||I96T,3.58239,ok
MMAB||R186Q,0.588398,ok
EXT2||A150T,3.60627,ok
EXT2||D227N,6.70925,ok
EXT2||E576K,-0.343564,ok
EXT2||I380T,1.88186,ok
CIRH1A||R565W,0.0570006,ok
DDB2||K244E,1.00373,ok
DDB2||L350P,7.60229,ok
DDB2||R273H,4.4382,ok
COX4I2||E138K,-0.0175848,ok
SLC35C1||R147C,1.4906,ok
SLC35C1||T308R,0.730783,ok
GALNT14||R336Q,2.29098,ok
GALNT14||V534F,3.0037,ok
YTHDC1||E483Q,-0.400698,ok
MCEE||A76V,-0.775126,ok
MCEE||R143H,2.71877,ok
ERMAP||E47K,-0.0721434,ok
ERMAP||G57R,1.71247,ok
ERMAP||P60A,1.73186,ok
PGBD1||H806D,-0.168574,ok
PGBD1||I678V,0.699362,ok
PGBD1||P256L,-0.00753724,ok
PGBD1||Q248E,0.143876,ok
SLC47A1||A310V,1.4757,ok
SLC47A1||D328A,3.94205,ok
SLC47A1||G64D,-0.611459,ok
SLC47A1||N474S,0.172223,ok
GAD1||S12C,-0.242913,ok
OR2M2||N42Y,15.6177,ok
OR2M2||V117I,-0.391223,ok
OPTN||K435R,-0.213645,ok
OPTN||T202R,-0.370737,ok
OPTN||A336G,0.964129,ok
OPTN||E50K,-0.30645,ok
ELF4||S369P,0.968855,ok
GCDH||E181Q,1.47734,ok
GCDH||R402Q,2.84001,ok
GCDH||W50C,3.77354,ok
GCDH||Y295H,0.920751,ok
TRIB3||Q84R,-0.635641,ok
GDAP1||L239F,1.82062,ok
GDAP1||M116T,-0.105301,ok
GDAP1||R161H,2.28259,ok
GDAP1||R310Q,1.70529,ok
NODAL||R183Q,0.885049,ok
CTRC||M200V,2.03446,ok
RDH12||T49M,1.07921,ok
RDH12||C285Y,1.90982,ok
RDH12||L99I,3.01071,ok
RDH12||P230A,2.32991,ok
EYA1||R440Q,-0.118601,ok
EYA1||T55M,0.646642,ok
EYA1||Y527N,3.79085,ok
PKP2||S140F,-0.0681872,ok
PKP2||G328R,2.90971,ok
HSD17B10||L122V,2.94641,ok
HSD17B10||N247S,0.778615,ok
HSD17B10||R130C,1.63267,ok
C20orf72||P102S,1.97877,ok
VKORC1||L128R,1.56171,ok
VKORC1||R98W,0.469293,ok
VKORC1||V45A,0.232324,ok
HERPUD2||P46L,0.988904,ok
HERPUD2||R285Q,-0.127871,ok
TMEM43||S358L,-1.24174,ok
MYD88||L93P,7.72103,ok
MYD88||R196C,6.3742,ok
SLC30A2||H54R,-1.23789,ok
TINF2||E281K,0.224088,ok
TINF2||L287P,2.27302,ok
TINF2||P236S,-0.795165,ok
TINF2||S245Y,0.442545,ok
TINF2||G237D,2.47582,ok
CCM2||L198R,3.85569,ok
WRAP53||R68G,0.797584,ok
ACAT2||I254T,2.11273,ok
FBXW7||A502V,1.38417,ok
FBXW7||I347M,-0.503612,ok
FBXW7||R465C,0.0776191,ok
FBXW7||R465H,-0.0325103,ok
FBXW7||R505C,-0.604605,ok
FBXW7||R658Q,2.39574,ok
FBXW7||R689Q,-0.0613575,ok
FBXW7||S462Y,-0.285018,ok
DCLRE1C||G118V,23.5408,ok
DCLRE1C||H35D,2.25992,ok
SORBS1||T237A,-0.141811,ok
SLC22A12||H86H,0.092509,ok
SLC22A12||M430T,1.41496,ok
SLC22A12||Q297E,0.260798,ok
SLC22A12||T217M,-0.211624,ok
PIK3R4||E1209K,3.57339,ok
PIK3R4||R998Q,1.73947,ok
CADM1||H246N,0.247517,ok
CADM1||Y251S,0.87322,ok
STRA6||Q438R,-0.16048,ok
BRIP1||P47A,2.3649,ok
TRIM55||E369G,0.397358,ok
TRIM55||R322H,0.440309,ok
SLC5A5||G543E,11.7367,ok
SLC5A5||G93R,19.3822,ok
SLC5A5||Q267E,1.70157,ok
SLC5A5||T354P,4.13502,ok
FANCD2||L231R,5.23751,ok
FOXP3||I363V,1.2669,ok
FOXP3||L242P,4.24,ok
FOXP3||P187L,0.321232,ok
FOXP3||Q70H,0.613039,ok
FOXP3||G52V,3.00225,ok
SLC5A7||I89V,0.937973,ok
CFHR5||K144N,-0.248786,ok
CFHR5||M514R,1.73924,ok
CFHR5||P46S,1.63317,ok
CFHR5||R356H,2.6895,ok
TBL1XR1||L81V,2.20625,ok
TBL1XR1||R166Q,0.443478,ok
TBL1XR1||T349M,-0.259285,ok
ILKAP||S61Y,-0.691477,ok
MAGT1||V311G,1.21392,ok
TUBB2B||S172P,0.818146,ok
TUBB2B||F265L,3.30541,ok
TUBB2B||I210T,2.27953,ok
TUBB2B||L228P,4.64699,ok
CXCL16||A200V,2.14296,ok
MCCC1||A289V,1.75458,ok
MCCC1||E134K,0.888107,ok
MCCC1||L437P,5.2327,ok
MCCC1||Q123H,0.0653938,ok
HRH4||S170L,0.385132,ok
ABCG8||E423D,0.352709,ok
ABCG8||P231T,4.17481,ok
FMO2||D36G,1.71145,ok
FMO2||F182S,4.24488,ok
FMO2||R238Q,3.24018,ok
FMO2||R391T,0.686499,ok
TMPRSS5||A317S,0.375805,ok
TP63||D351N,-0.106819,ok
TP63||I549T,2.08106,ok
NEU1||G136E,35.1869,ok
NEU1||L231H,5.05665,ok
NEU1||L91R,8.91442,ok
NEU1||R341G,2.53642,ok
CHST6||Y358D,8.0183,ok
CHST6||H249P,3.80426,ok
CHST6||Y110C,1.49295,ok
TRIM5||H43Y,-0.875948,ok
TRIM5||R136Q,0.462681,ok
ALG12||F142V,1.58899,ok
ALG12||R146Q,0.155238,ok
ALG12||R311C,3.40566,ok
ALG12||T67M,3.56744,ok
RTN4R||L347R,-0.727915,ok
RTN4R||R196H,3.04647,ok
RTN4R||R227C,1.50064,ok
RTN4R||R377W,0.0528445,ok
RTN4R||R399W,0.488853,ok
PANK2||F550L,1.66345,ok
PANK2||G521R,17.1151,ok
MCOLN1||D362Y,6.97742,ok
MCOLN1||F465L,-0.112058,ok
MCOLN1||T24N,-0.381988,ok
MCOLN1||S257R,0.152351,ok
MCOLN1||R236Q,0.127055,ok
MCOLN1||L209F,-0.0251618,ok
IKZF5||E135K,-0.0193306,ok
SLC19A3||E320Q,0.727526,ok
SLC19A3||G23V,9.63299,ok
SLC19A3||K44E,3.90081,ok
SLC19A3||T422A,0.841188,ok
TUBB1||R318W,12.3848,ok
KCNK9||G236R,-1.33075,ok
CYP4F12||V90I,-1.03329,ok
MYOZ2||S48P,2.38181,ok
ISYNA1||L343L,-0.00506572,ok
NOP10||R34W,0.132729,ok
PROK2||C34Y,18.7482,ok
PROK2||G32R,0.849161,ok
SIX2||L43F,2.60026,ok
SIX2||P241L,-2.24467,ok
SLC6A20||T199M,-2.24571,ok
THAP1||F81L,0.808858,ok
GPAM||E131G,2.32027,ok
DISC1||R37W,0.344975,ok
G6PC3||G260R,30.4525,ok
G6PC3||G262R,5.52637,ok
HIF1AN||P41A,0.869101,ok
RBM28||L351P,7.17746,ok
REEP1||A20E,-0.579877,ok
REEP1||L107P,5.71637,ok
REEP1||P19R,1.56783,ok
UGT1A10||I211T,1.3652,ok
UGT1A10||Q328R,0.868041,ok
UGT1A10||R400C,1.82113,ok
A4GALT||A219V,1.90797,ok
A4GALT||C96Y,34.0323,ok
A4GALT||M183K,5.2214,ok
A4GALT||S100L,7.94252,ok
A4GALT||A272V,-0.525034,ok
NDUFAF4||L65P,3.25459,ok
NDUFA13||K5N,0.44537,ok
ERAP1||I276M,-0.172788,ok
L2HGDH||G211V,28.17,ok
L2HGDH||G55D,9.2527,ok
L2HGDH||H98R,-0.66823,ok
SLC7A10||E112D,0.732473,ok
PEMT||V175M,-1.08563,ok
OPTC||E66G,-0.302006,ok
OPTC||F162F,-0.0675931,ok
SEMA4A||D345H,0.0067728,ok
SEMA4A||F350C,3.6326,ok
SEMA4A||R713Q,0.710766,ok
SEMA4A||R723C,0.597683,ok
SEMA4A||R510Q,1.88615,ok
SEMA4A||P682S,1.97682,ok
SEMA4A||A676V,0.597637,ok
ZNF624||K135N,0.0301906,ok
TAC3||M90T,0.386471,ok
GABBR1||G489S,-1.88528,ok
SUN2||G671S,1.36114,ok
B4GALT7||A186D,4.50189,ok
AIPL1||M79T,1.43423,ok
AIPL1||R270H,8.76636,ok
AIPL1||R302L,-0.412095,ok
TEKT2||A229V,0.751719,ok
SLC22A11||E278K,3.88119,ok
CPA4||G303C,-2.41775,ok
DDX20||R693S,1.20357,ok
POLG2||G451E,3.57032,ok
IFT80||H105Q,2.40854,ok
SLC29A3||G427S,9.23651,ok
SLC29A3||G437R,15.9487,ok
SLC29A3||M116R,0.938803,ok
SLC29A3||T449R,8.66831,ok
FBLN5||G412E,33.9901,ok
FBLN5||Q124P,2.40034,ok
FBLN5||S227P,5.26043,ok
FBLN5||V60L,-1.04932,ok
GJD2||S196S,-0.0533518,ok
EIF2B4||A390D,-0.307907,ok
EIF2B4||R306G,1.43233,ok
DNAJC12||R178C,0.409019,ok
AMACR||L107P,5.74727,ok
AMACR||S52P,3.72823,ok
HSPB8||K141E,0.841134,ok
HSPB8||T194T,-0.000259564,ok
NLGN3||R451C,1.33814,ok
PNPLA3||S453I,-2.51724,ok
PNPLA3||Y220C,1.42362,ok
PNPLA3||S453R,-1.19844,ok
PNPLA3||E331G,0.833455,ok
MAGEC2||D15N,-0.762623,ok
MAGEC2||E269K,3.12207,ok
MAGEC2||G74V,2.54312,ok
MAGEC2||R287W,1.76362,ok
MAGEC2||S85I,2.69517,ok
CD207||A55V,0.040831,ok
CD207||E114V,0.219981,ok
CD207||R66Q,0.341531,ok
SALL4||H888R,0.236572,ok
SALL4||V754M,0.00667437,ok
COLQ||D342E,2.00192,ok
NDUFAF1||T207P,5.6659,ok
ICK||R272Q,7.93469,ok
TLR6||T255I,-1.22644,ok
AXIN2||V539M,-0.145343,ok
CHMP2B||D148Y,-0.452569,ok
CHMP2B||N143S,0.112975,ok
CHMP2B||Q206H,0.76253,ok
HPS5||L624R,2.37284,ok
C15orf23||P26L,0.102342,ok
C15orf23||P26S,0.50744,ok
TBX20||A63T,0.524659,ok
TBX20||I121F,2.66927,ok
TBX20||I152M,1.50138,ok
TBX20||T262M,-2.44331,ok
SLC45A2||G198D,5.03012,ok
SLC45A2||L361P,2.21274,ok
SLC45A2||P58A,2.21357,ok
SLC45A2||T302S,0.827602,ok
SERPINA10||F145L,0.699162,ok
SERPINA10||Q384R,8.93348,ok
SERPINA10||S143Y,0.118655,ok
BCS1L||P99L,0.985331,ok
BCS1L||Q302E,-0.0654085,ok
BCS1L||R144Q,0.378338,ok
FBXO7||R378G,4.07229,ok
PSAT1||D100A,0.966898,ok
NEU2||R41Q,3.91101,ok
PRKAG3||R225W,0.538682,ok
NOD1||E266K,0.350332,ok
FZD4||M105V,1.31236,ok
FZD4||R417Q,0.0143278,ok
FZD4||W335C,1.86509,ok
SAMHD1||D218H,0.528113,ok
SAMHD1||I515T,4.13835,ok
PNPO||R229W,8.99219,ok
PNPO||R95C,1.3301,ok
PNPO||R95H,1.46332,ok
PNPO||R116Q,0.44865,ok
KCNE3||R83H,0.281698,ok
KCNE3||T4A,0.199659,ok
KCNE3||V17M,-1.58198,ok
ZDHHC9||P150S,3.39524,ok
ZDHHC9||R148W,5.73539,ok
GAN||A51P,4.73053,ok
GAN||C570Y,10.6649,ok
GAN||E169K,0.0732102,ok
GAN||E486K,-0.458738,ok
GAN||G368R,22.7831,ok
GAN||I182N,4.27639,ok
GAN||I423T,4.34808,ok
GAN||I86F,5.22014,ok
GAN||L309R,1.96686,ok
GAN||L75H,3.24521,ok
GAN||P315L,1.70695,ok
GAN||R15S,-0.0183541,ok
GAN||R269Q,5.56683,ok
GAN||Y299C,0.0366093,ok
ANGPTL3||D41N,0.492662,ok
ANGPTL3||L164F,-0.207775,ok
ANGPTL3||Y417C,2.69938,ok
KCNE2||F60L,0.165543,ok
KCNE2||Q9E,0.453324,ok
KCNE2||V65M,-0.96691,ok
LIPG||I239T,3.24383,ok
LIPG||M342V,1.449,ok
LIPG||N396S,2.82837,ok
LIPG||T111I,-0.0153926,ok
TBX22||G118C,12.5377,ok
TBX22||R120W,0.145715,ok
TBX22||R151L,-0.385473,ok
SBDS||S143W,-0.730286,ok
SBDS||N8K,0.242674,ok
SBDS||R126T,2.03026,ok
MMACHC||H122R,-0.17937,ok
MMACHC||L116P,0.472028,ok
MMACHC||L193P,7.71496,ok
MMACHC||R206P,5.90284,ok
ALK||F1174L,0.206914,ok
ALK||G1202R,2.05086,ok
ALK||R1275Q,1.17971,ok
ALK||S1206Y,-0.274826,ok
ALK||T1151M,-0.717869,ok
ALK||D1529E,0.507527,ok
SLC25A15||E180K,-1.00875,ok
SLC25A15||T32R,7.06742,ok
