KEY,in_TMD,dist_to_nearest_TMD,delta_membrane_insertion
LDHA||K222E,0,0,0
PTEN||K6N,0,0,0
ASS1||K310Q,0,0,0
EPHX2||K55R,0,0,0
FTH1||K54R,0,0,0
GNPTAB||K4Q,0,0.0526316,0
HRAS||K117R,0,0,0
OPTN||K435R,0,0,0
IRF4||K123R,0,0,0
MAP2K1||K57T,0,0,0
APOC3||T94A,0,0,0
AHCY||Y143C,0,0,0
ANTXR2||Y381C,0,0.0243902,0
BBS12||T501M,0,0,0
BMP15||Y235C,0,0,0
BMP4||S91C,0,0,0
CD44||T163K,0,0.00204918,0
CHST6||Y358D,0,0.003003,0
CYB5A||T60A,0,0.02,0
DCX||S47R,0,0,0
DPM1||S248P,0,0,0
ELF4||S369P,0,0,0
ETHE1||Y38C,0,0,0
GDNF||T154S,0,0,0
MCFD2||Y135N,0,0,0
MPI||S102L,0,0,0
MSX2||S63C,0,0,0
NME1||S120G,0,0,0
NR3C1||S651F,0,0,0
OPTN||T202R,0,0,0
PKP2||S140F,0,0,0
RDH12||T49M,0,0,0
SBDS||S143W,0,0,0
SORBS1||T237A,0,0,0
SPINT2||Y163C,0,0.0277778,0
SYN3||S470N,0,0,0
TEK||Y897S,0,0.00775194,0
TUBB2B||S172P,0,0,0
VHL||S38P,0,0,0
KRT6A||T552S,0,0,0
B2M||Y30H,0,0,0
ERBB2||T182I,0,0.00211864,0
GPR141||T6N,0,0.0555556,0
NRAS||Y64D,0,0,0
RHOA||Y42C,0,0,0
RHOA||Y42S,0,0,0
SERPINB4||T347N,0,0,0
TP53||S215I,0,0,0
FSHR||N191I,0,0.00564972,0
CRYAA||R21W,0,0,0
DDX20||R693S,0,0,0
LDHB||R172H,0,0,0
NOP10||R34W,0,0,0
PGAM2||R90W,0,0,0
TP53||R337H,0,0,0
RBM10||R171W,0,0,0
GALNS||N204K,0,0,0
KRT8||K464N,0,0,0
MYL2||K104E,0,0,0
BRAF||K601E,0,0,0
A2M||C972Y,0,0,0
A4GALT||A219V,0,0.00564972,0
A4GALT||C96Y,0,0.0185185,0
A4GALT||M183K,0,0.0070922,0
A4GALT||S100L,0,0.0172414,0
ABAT||R220K,0,0,0
ABCG8||E423D,1,1,0.0482234
ABCG8||P231T,0,0.00534759,0
ABHD5||E260K,0,0,0
ABHD5||E7K,0,0,0
ACADM||A27V,0,0,0
ACADM||K329E,0,0,0
ACADM||M274V,0,0,0
ACADM||R206C,0,0,0
ACADS||G274S,0,0,0
ACADS||R46W,0,0,0
ACADS||W177R,0,0,0
ACADSB||E387K,0,0,0
ACADSB||T148I,0,0,0
ACADSB||Y283C,0,0,0
ACAT2||I254T,0,0,0
ACSM3||K367N,0,0,0
ACTA2||R292G,0,0,0
ACTB||E364K,0,0,0
ACTB||R183W,0,0,0
ACTC1||S273F,0,0,0
ACTN4||K255E,0,0,0
ACVR1||G328R,0,0.00546448,0
ACVR1||G356D,0,0.00473934,0
ACVR1||R206H,0,0.0163934,0
ACVR2B||R40H,0,0.010101,0
ACVR2B||V494I,0,0.00296736,0
ACVRL1||C344P,0,0.00490196,0
ACVRL1||D330N,0,0.00526316,0
ACVRL1||E206G,0,0.0151515,0
ACVRL1||E215K,0,0.0133333,0
ACVRL1||E224K,0,0.0119048,0
ACVRL1||G48E,0,0.0138889,0
ACVRL1||K487T,0,0.00288184,0
ACVRL1||L337P,0,0.00507614,0
ACVRL1||M376R,0,0.00423729,0
ACVRL1||P449L,0,0.00323625,0
ACVRL1||R374W,0,0.0042735,0
ACVRL1||R484Q,0,0.00290698,0
ACVRL1||V380G,0,0.00416667,0
ADH1C||I350V,0,0,0
ADIPOQ||G15G,0,0,0
ADIPOQ||I164T,0,0,0
ADIPOQ||R112C,0,0,0
ADORA3||I248L,1,1,0.00194961
ADRB2||A119D,1,1,0.201799
AGA||G302R,0,0,0
AGA||G60D,0,0,0
AGER||G82S,0,0.00381679,0
AGPAT2||A239V,0,0.0102041,0
AHCY||A89V,0,0,0
AHCY||D86G,0,0,0
AHCY||R49C,0,0,0
AIPL1||M79T,0,0,0
AIPL1||R270H,0,0,0
AIPL1||R302L,0,0,0
AK2||D165G,0,0,0
AK2||R103W,0,0,0
AK2||R186C,0,0,0
AKR1C3||H5Q,0,0,0
AKR1C4||L311V,0,0,0
AKR1D1||P133R,0,0,0
AKR1D1||P198L,0,0,0
AKR1D1||R261C,0,0,0
AKT1||E242E,0,0,0
AKT2||R274H,0,0,0
ALAS2||I289T,0,0,0
ALAS2||I476N,0,0,0
ALAS2||R448Q,0,0,0
ALDH4A1||S352L,0,0,0
ALDH6A1||G446R,0,0,0
ALDOA||C339Y,0,0,0
ALDOA||D129G,0,0,0
ALG12||F142V,1,1,0.000129715
ALG12||R146Q,1,1,-0.00402812
ALG12||R311C,0,0.5,0
ALG12||T67M,0,0.5,0
ALOX5||E254K,0,0,0
AMACR||L107P,0,0,0
AMACR||S52P,0,0,0
AMHR2||D426G,0,0.00389105,0
AMHR2||D491H,0,0.00310559,0
AMHR2||G142V,0,0.111111,0
AMHR2||H282Q,0,0.00884956,0
AMHR2||R504C,0,0.00298507,0
AMHR2||R54C,0,0.0103093,0
AMHR2||V458A,0,0.00346021,0
AMT||G269D,0,0,0
AMT||N145I,0,0,0
AMT||R320H,0,0,0
AMT||V212A,0,0,0
ANG||G86G,0,0,0
ANG||P112L,0,0,0
ANG||Q36L,0,0,0
ANGPTL3||D41N,0,0,0
ANGPTL3||L164F,0,0,0
ANGPTL3||Y417C,0,0,0
ANKRD1||T116M,0,0,0
ANTXR2||V386F,0,0.0217391,0
ANTXR2||V394A,0,0.0185185,0
ANXA11||R230C,0,0,0
AOAH||D28N,0,0,0
APBB3||T318T,0,0,0
APEX1||E126D,0,0,0
APEX1||G306A,0,0,0
APEX1||Q51H,0,0,0
APOC3||D45N,0,0,0
APOC3||Q58K,0,0,0
APOD||F56V,0,0,0
APOD||T178K,0,0,0
APOH||C325G,0,0,0
APOH||W335S,0,0,0
AQP1||N192K,0,0.0833333,0
AQP1||P38L,0,0.1,0
AQP1||Q47R,1,1,0.00321453
AQP2||G64R,0,0.166667,0
AQP2||R187H,0,0.0833333,0
AQP2||T126M,0,0.333333,0
AQP4||D184E,0,0.5,0
AQP4||I128T,1,1,0.0828955
AQP4||M224T,0,0.111111,0
AQP4||M278T,0,0.037037,0
ARG1||T290S,0,0,0
ARHGEF9||G55A,0,0,0
ARL11||C148R,0,0,0
ARL13B||R200C,0,0,0
ARSE||G245R,0,0,0
ARSE||G317R,0,0,0
ARSE||P578S,0,0,0
ARSE||R12S,0,0,0
ASPA||E285A,0,0,0
ASPA||I143F,0,0,0
ASPA||M195R,0,0,0
ASS1||G14S,0,0,0
ASS1||V345G,0,0,0
ATCAY||S301R,0,0,0
ATF6||A145P,0,0.0042735,0
ATF6||P157S,0,0.0045045,0
ATP2B2||G293S,0,0.010101,0
ATPAF2||W94R,0,0,0
AVPR2||N55D,1,1,0.0663516
AXIN2||V539M,0,0,0
B4GALT7||A186D,0,0.00735294,0
BAAT||M76V,0,0,0
BANK1||A383T,0,0,0
BANK1||R61H,0,0,0
BBS10||C91W,0,0,0
BBS12||G540V,0,0,0
BBS12||P159L,0,0,0
BBS7||T211I,0,0,0
BCAM||R175Q,0,0.0026738,0
BCAM||R77H,0,0.00211864,0
BCAM||T539A,0,0.1,0
BCHE||L358I,0,0,0
BCHE||Q546L,0,0,0
BCHE||Y156C,0,0,0
BCKDHB||H206R,0,0,0
BCL10||A5S,0,0,0
BCL10||L8L,0,0,0
BCS1L||P99L,0,0.0147059,0
BCS1L||Q302E,0,0.00369004,0
BCS1L||R144Q,0,0.00884956,0
BDNF||T2I,0,0,0
BEST1||L567F,0,0.00357143,0
BEST1||R218G,0,0.047619,0
BEST1||R92C,0,0.0909091,0
BEST1||Y85H,0,0.25,0
BHMT||R239Q,0,0,0
BLMH||I443V,0,0,0
BMI1||C18Y,0,0,0
BMP15||N196K,0,0,0
BMP15||R61Q,0,0,0
BMP15||R76C,0,0,0
BMP4||G168A,0,0,0
BMP4||S367T,0,0,0
BMP4||T225A,0,0,0
BMP7||R303C,0,0,0
BMPR1B||I200K,0,0.0188679,0
BMPR1B||R486Q,0,0.00294985,0
BMPR1B||R486W,0,0.00294985,0
BMPR2||R491Q,0,0.00311526,0
BPGM||R62Q,0,0,0
BPGM||R90C,0,0,0
BRIP1||P47A,0,0,0
BSND||G284D,0,0.00431034,0
BSND||G47R,1,1,0.109545
BSND||R8W,1,1,-0.0710324
BSND||V43I,1,1,-0.0230794
BST1||R125H,0,0,0
BTC||C7G,0,0.00884956,0
BTK||C154S,0,0,0
BTK||I56T,0,0,0
BTK||K430E,0,0,0
BTK||L358F,0,0,0
BTK||M509I,0,0,0
BTK||P565L,0,0,0
BTK||R307T,0,0,0
BTK||V219V,0,0,0
BTK||V64F,0,0,0
BTK||Y591S,0,0,0
C1QA||G92G,0,0,0
C1QB||G42D,0,0,0
C1QB||G244R,0,0,0
C1QC||G34R,0,0,0
C2||C131Y,0,0,0
C2||E318D,0,0,0
C2||G464R,0,0,0
C2||S209F,0,0,0
CA1||R247H,0,0,0
CA4||R14W,0,0,0
CA4||R219S,0,0,0
CA4||R69H,0,0,0
CABP4||R124C,0,0,0
CACNB4||C104F,0,0,0
CACNB4||R468Q,0,0,0
CADM1||H246N,0,0.00769231,0
CADM1||Y251S,0,0.008,0
CAPN3||A798E,0,0,0
CAPN3||T706K,0,0,0
CARTPT||L61F,0,0,0
CAT||D54E,0,0,0
CAT||E67D,0,0,0
CAT||R354H,0,0,0
CAV3||D28E,0,0,0
CAV3||G56S,0,0,0
CAV3||S141R,0,0,0
CAV3||T78M,0,0,0
CCKBR||E288K,0,0.0212766,0
CCKBR||V125I,0,0.2,0
CCM2||L198R,0,0,0
CCT5||H147R,0,0,0
CD151||R171C,0,0.0192308,0
CD151||R178H,0,0.0222222,0
CD38||R140W,0,0.010101,0
CD40||P227A,0,0.0769231,0
CD44||R46P,0,0.00165289,0
CD79B||G137S,0,0.0416667,0
CD96||T280M,0,0.00414938,0
CDA||A70T,0,0,0
CDC73||L64P,0,0,0
CDC73||R91P,0,0,0
CDKN1B||E172K,0,0,0
CDKN1B||I119T,0,0,0
CDKN1B||P95S,0,0,0
CER1||R19W,0,0,0
CERKL||R106S,0,0,0
CETP||D459G,0,0,0
CETP||L168P,0,0,0
CETP||L313Q,0,0,0
CETP||S349Y,0,0,0
CFH||A307A,0,0,0
CFH||Q400K,0,0,0
CFH||R127L,0,0,0
CFHR5||K144N,0,0,0
CFHR5||M514R,0,0,0
CFHR5||P46S,0,0,0
CFHR5||R356H,0,0,0
CFP||R346C,0,0,0
CFP||R100W,0,0,0
CFP||W321S,0,0,0
CHGA||G382S,0,0,0
CHGA||P388L,0,0,0
CHIT1||A442V,0,0,0
CHIT1||E74K,0,0,0
CHMP2B||D148Y,0,0,0
CHMP2B||N143S,0,0,0
CHMP2B||Q206H,0,0,0
CHRNA3||Y215Y,0,0.027027,0
CHRNA4||L290V,1,1,0.00607649
CHRNA4||S280F,1,1,-0.0888749
CHRNA4||S284L,1,1,-0.132896
CHRNA4||T261I,1,1,-0.0894696
CHRNB1||L262M,1,1,0.0218468
CHRNB1||V266M,1,1,0.00497843
CHRND||E402K,0,0.0142857,0
CHRND||I79K,0,0.00595238,0
CHRND||L42P,0,0.00487805,0
CHRND||Q288E,1,1,0.0242098
CHRNG||R86C,0,0.00641026,0
CHRNG||V107G,0,0.00740741,0
CHST6||H249P,0,0.00446429,0
CHST6||Y110C,0,0.0117647,0
CIDEA||V115F,0,0,0
CIRH1A||R565W,0,0,0
CLCN2||G715E,0,0.00595238,0
CLCN2||R577Q,0,0.0333333,0
CLCNKB||A61D,1,1,0.139399
CLCNKB||P124L,0,0.0714286,0
CLCNKB||R438H,1,1,-0.0141066
CLCNKB||T481S,0,0.05,0
CLDN19||G20D,1,1,0.203538
CLDN19||L90P,1,1,0.205759
CLRN1||C40G,0,0.0769231,0
CLRN1||S105P,1,1,0.0575732
CLU||Q381P,0,0,0
CNGA3||C191Y,1,1,-0.0030765
CNGA3||P163L,0,0.111111,0
CNGA3||R563C,0,0.00621118,0
CNGA3||S401P,1,1,0.0258385
COLQ||D342E,0,0,0
COMT||A72S,0,0.0212766,0
COMT||V158M,0,0.0075188,0
COX10||D336V,0,0.125,0
COX10||N204K,0,0.0909091,0
COX10||P225L,0,0.0909091,0
COX10||T196K,0,0.333333,0
COX4I2||E138K,0,0.0769231,0
COX6B1||R20H,0,0,0
CPA4||G303C,0,0,0
CPN1||G178D,0,0,0
CPT1A||D454G,0,0.003003,0
CPT1A||E360G,0,0.0041841,0
CPT1A||G709E,0,0.00170068,0
CPT1A||R123C,0,0.5,0
CRISP2||C196R,0,0,0
CRYAA||R116C,0,0,0
CRYAA||R12C,0,0,0
CRYAA||R49C,0,0,0
CRYAB||D140N,0,0,0
CRYAB||P20S,0,0,0
CRYAB||R120G,0,0,0
CRYAB||R56W,0,0,0
CRYBB1||S228P,0,0,0
CRYGC||R168W,0,0,0
CRYGC||T5P,0,0,0
CRYGD||E107A,0,0,0
CRYGD||G61C,0,0,0
CRYGD||P24T,0,0,0
CRYGD||R15C,0,0,0
CRYGS||G18V,0,0,0
CRYGS||S39C,0,0,0
CRYM||K314T,0,0,0
CSNK1D||R324H,0,0,0
CSNK1D||T44A,0,0,0
CSRP3||L44P,0,0,0
CSRP3||Q91L,0,0,0
CSRP3||R100H,0,0,0
CSRP3||W4R,0,0,0
CTLA4||I53M,0,0.00909091,0
CTRC||M200V,0,0,0
CTSG||N125S,0,0,0
CTSK||G146R,0,0,0
CTSK||G79R,0,0,0
CTSK||I249T,0,0,0
CUL4B||R572C,0,0,0
CUL4B||T213I,0,0,0
CXCL16||A200V,0,0.142857,0
CYBB||C244S,0,0.0434783,0
CYBB||P415H,0,0.00763359,0
CYBB||R54G,1,1,-0.0826932
CYBRD1||R226H,0,0.2,0
CYCS||G42S,0,0,0
CYP19A1||M127R,0,0.011236,0
CYP19A1||R435C,0,0.00884956,0
CYP19A1||V370M,0,0.0208333,0
CYP19A1||W39R,1,1,0.0369688
CYP1A1||I462V,0,0,0
CYP1A1||T461N,0,0,0
CYP1A2||F186L,0,0,0
CYP1A2||R377Q,0,0,0
CYP1A2||R456H,0,0,0
CYP27B1||D164N,0,0,0
CYP27B1||E189G,0,0,0
CYP27B1||Q65H,0,0,0
CYP27B1||R107H,0,0,0
CYP2A6||G479V,0,0,0
CYP2A6||L160H,0,0,0
CYP2A6||V110L,0,0,0
CYP2A6||V365M,0,0,0
CYP2C9||I359L,0,0,0
CYP2C9||V490F,0,0,0
CYP2E1||R76H,0,0,0
CYP2J2||G312R,0,0,0
CYP2J2||I192N,0,0,0
CYP2J2||N404Y,0,0,0
CYP3A4||I118V,0,0.0103093,0
CYP3A4||L373F,0,0.00284091,0
CYP3A4||P467S,0,0.00224215,0
CYP3A4||R130Q,0,0.00917431,0
CYP3A5||A337T,0,0,0
CYP3A5||F446S,0,0,0
CYP4F12||V90I,1,1,-0.00948823
D2HGDH||D375Y,0,0,0
D2HGDH||N439D,0,0,0
D2HGDH||V444A,0,0,0
DARS2||C152F,0,0,0
DARS2||S45G,0,0,0
DARS2||Y629C,0,0,0
DCK||A119G,0,0,0
DCK||I24V,0,0,0
DCK||P122S,0,0,0
DCLRE1C||G118V,0,0,0
DCLRE1C||H35D,0,0,0
DCX||G253D,0,0,0
DCX||L43S,0,0,0
DCX||R178C,0,0,0
DDB2||K244E,0,0,0
DDB2||L350P,0,0,0
DDB2||R273H,0,0,0
DFNB59||G292R,0,0,0
DFNB59||R265C,0,0,0
DFNB59||T54I,0,0,0
DGUOK||D255Y,0,0,0
DGUOK||K51Q,0,0,0
DGUOK||R142K,0,0,0
DGUOK||S107P,0,0,0
DISC1||R37W,0,0,0
DKC1||F36V,0,0,0
DKC1||R158W,0,0,0
DLD||E375K,0,0,0
DLD||G229C,0,0,0
DLD||I393T,0,0,0
DLD||K72E,0,0,0
DMC1||M200V,0,0,0
DMD||A3421V,0,0,0
DMD||C3207R,0,0,0
DMD||D3187G,0,0,0
DMD||D3335H,0,0,0
DNM2||E368K,0,0,0
DPM1||R92G,0,0,0
DPYS||G278D,0,0,0
DPYS||Q334R,0,0,0
DPYS||R412M,0,0,0
DRD1||A229T,0,0.0833333,0
DRD1||S199A,1,1,-0.0284642
DRD1||T37P,1,1,0.109606
DRD1||T37R,1,1,0.13204
DRD2||P310S,0,0.0153846,0
DRD2||P319P,0,0.0178571,0
DRD2||S311C,0,0.015625,0
DRD2||V154I,1,1,-0.00722786
DTNBP1||P272S,0,0,0
DYM||C542R,0,0,0
DYM||E87K,0,0,0
DYM||N469Y,0,0,0
EBP||E80K,1,1,0.00178605
EBP||G157S,0,0.0588235,0
EBP||L18P,0,0.0833333,0
EBP||W196S,1,1,0.0867503
EDN3||A17T,0,0,0
EDN3||A224T,0,0,0
EDN3||C159F,0,0,0
EDN3||E48D,0,0,0
EDNRB||M132I,0,0.142857,0
EDNRB||R434C,0,0.0217391,0
EDNRB||V111E,1,1,0.178152
EDNRB||W276C,1,1,0.00412576
EFEMP1||R345W,0,0,0
EFHC1||P77T,0,0,0
EFHC1||R221H,0,0,0
EFHC1||T508R,0,0,0
EGR2||E412K,0,0,0
EGR2||I268N,0,0,0
EIF2B1||P278R,0,0,0
EIF2B1||V183F,0,0,0
EIF2B1||Y275C,0,0,0
EIF2B2||E213G,0,0,0
EIF2B2||G200A,0,0,0
EIF2B2||V316D,0,0,0
EIF2B4||A390D,0,0,0
ELANE||A61V,0,0,0
ELANE||C151S,0,0,0
ELANE||G210V,0,0,0
EPB42||A112T,0,0,0
EPB42||R280Q,0,0,0
EPB42||R287C,0,0,0
EPHX1||H139R,0,0.00840336,0
EPHX1||R43T,0,0.0434783,0
EPHX1||Y113H,0,0.0107527,0
EPHX2||C154Y,0,0,0
EPHX2||E470G,0,0,0
EPHX2||R287Q,0,0,0
EPM2A||G279S,0,0,0
EPM2A||L310W,0,0,0
EPM2A||Y294N,0,0,0
ERAP1||I276M,0,0.00390625,0
ERCC1||F231L,0,0,0
ERCC3||K449R,0,0,0
ERMAP||E47K,0,0.00909091,0
ERMAP||G57R,0,0.01,0
ERMAP||P60A,0,0.0103093,0
ETFA||F144S,0,0,0
ETFA||L212P,0,0,0
ETFA||T266M,0,0,0
ETHE1||L55P,0,0,0
EXT1||D164H,0,0.00729927,0
EXT1||G339D,0,0.00320513,0
EXT1||P496L,0,0.0021322,0
EXT1||Q27K,1,1,0.00640837
EXT2||A150T,0,0.00952381,0
EXT2||D227N,0,0.00549451,0
EXT2||E576K,0,0.00188324,0
EXT2||I380T,0,0.00298507,0
EYA1||R440Q,0,0,0
EYA1||T55M,0,0,0
EYA1||Y527N,0,0,0
F10||E54G,0,0,0
F10||R182M,0,0,0
F10||R366C,0,0,0
F10||V382A,0,0,0
F11||F301L,0,0,0
F11||L360P,0,0,0
F11||Q47H,0,0,0
F11||V516M,0,0,0
F12||C590S,0,0,0
F12||W505C,0,0,0
F9||C170Y,0,0,0
F9||C407R,0,0,0
F9||E27K,0,0,0
F9||I210T,0,0,0
FABP1||T94A,0,0,0
FANCD2||L231R,0,0,0
FANCG||G546R,0,0,0
FANCG||T297I,0,0,0
FAS||E256G,0,0.0149254,0
FAS||H111P,0,0.015625,0
FAS||T74T,0,0.00990099,0
FASLG||R156G,0,0.0181818,0
FBLN5||G412E,0,0,0
FBLN5||Q124P,0,0,0
FBLN5||S227P,0,0,0
FBLN5||V60L,0,0,0
FBP1||G260R,0,0,0
FBXO7||R378G,0,0,0
FCAR||D113N,0,0.00862069,0
FCAR||R108R,0,0.00826446,0
FCGR2B||I232T,1,1,0.0710315
FCGR3A||L102H,0,0.00925926,0
FCGR3A||L102R,0,0.00925926,0
FECH||E178K,0,0,0
FECH||G55C,0,0,0
FECH||S264L,0,0,0
FECH||V362G,0,0,0
FFAR1||D175N,0,0.2,0
FFAR1||G180S,1,1,0.00170916
FGA||E559V,0,0,0
FGA||S453N,0,0,0
FGB||A365T,0,0,0
FGB||H97L,0,0,0
FGB||L202Q,0,0,0
FGB||L383R,0,0,0
FGF10||C106F,0,0,0
FGF10||G138E,0,0,0
FGF10||I156R,0,0,0
FGF10||R80S,0,0,0
FGF14||F145S,0,0,0
FGF8||H14N,0,0,0
FGF8||P197R,0,0,0
FGFR1||R622G,0,0.00442478,0
FGFR1||V607M,0,0.00473934,0
FGFR1||W666R,0,0.0037037,0
FGFR2||A648T,0,0.00398406,0
FGFR2||E565G,0,0.00595238,0
FGFR2||K641R,0,0.00409836,0
FGFR2||N549H,0,0.00657895,0
FGFR2||Q289P,0,0.0111111,0
FGFR2||S267F,0,0.00892857,0
FGFR2||Y328C,0,0.0196078,0
FGG||A108G,0,0,0
FGG||C165Y,0,0,0
FGG||D356V,0,0,0
FGG||G318V,0,0,0
FHL1||C101F,0,0,0
FHL1||C153Y,0,0,0
FHL1||C224W,0,0,0
FHL1||W122S,0,0,0
FKBP6||F72L,0,0,0
FLCN||R239C,0,0,0
FLT4||H1035R,0,0.00416667,0
FLT4||L1044P,0,0.00401606,0
FLT4||P1114L,0,0.0031348,0
FMO1||I303T,0,0.00478469,0
FMO1||I303V,0,0.00478469,0
FMO2||D36G,0,0.00210526,0
FMO2||F182S,0,0.00303951,0
FMO2||R238Q,0,0.003663,0
FMO2||R391T,0,0.00833333,0
FMO3||D132H,0,0.00263852,0
FMO3||G503R,0,0.125,0
FMO3||L360P,0,0.00662252,0
FMO3||P153L,0,0.0027933,0
FOXA3||G91R,0,0,0
FOXD4||W148R,0,0,0
FOXI1||G335V,0,0,0
FOXP3||I363V,0,0,0
FOXP3||L242P,0,0,0
FOXP3||P187L,0,0,0
FOXP3||Q70H,0,0,0
FPR1||C126W,0,0.166667,0
FPR1||F110S,1,1,0.090658
FPR1||I11T,0,0.0555556,0
FPR1||V101L,1,1,-0.00311316
FSHB||C69G,0,0,0
FSHB||C100R,0,0,0
FSHR||A419T,1,1,0.00875259
FSHR||D567N,0,0.125,0
FSHR||T449I,1,1,-0.0516068
FSHR||V221G,0,0.00680272,0
FTL||A96T,0,0,0
FTL||H133P,0,0,0
FTL||R40G,0,0,0
FTL||T30I,0,0,0
FUCA1||G65D,0,0,0
FUCA1||L410R,0,0,0
FUCA1||N334Y,0,0,0
FUCA1||S68L,0,0,0
FUT1||G90V,0,0.0151515,0
FUT1||L164H,0,0.00714286,0
FUT3||I356K,0,0.00309598,0
FUT3||L20R,1,1,0.158197
FUT3||S124A,0,0.010989,0
FUT7||R110Q,0,0.0133333,0
FXN||L106S,0,0,0
FXN||R165C,0,0,0
FZD4||M105V,0,0.00917431,0
FZD4||R417Q,1,1,-0.00197436
FZD4||W335C,0,0.333333,0
G6PC||G222R,1,1,0.136186
G6PC||P113L,0,0.166667,0
G6PC||R83C,0,0.333333,0
G6PC||V338F,1,1,-0.00032718
G6PC3||G260R,1,1,0.113524
G6PC3||G262R,1,1,0.148109
GABBR1||G489S,0,0.00961538,0
GABRA6||R46W,0,0.00502513,0
GABRD||R220C,0,0.030303,0
GABRG2||K328M,0,0.142857,0
GABRG2||R177G,0,0.01,0
GAD1||S12C,0,0,0
GALE||G319E,0,0,0
GALE||G90E,0,0,0
GALE||N34S,0,0,0
GALNS||G116S,0,0,0
GALNS||S295F,0,0,0
GALT||G175D,0,0,0
GALT||H319Q,0,0,0
GALT||R272H,0,0,0
GALT||Y34N,0,0,0
GAMT||D135Y,0,0,0
GAMT||T209M,0,0,0
GAN||A51P,0,0,0
GAN||C570Y,0,0,0
GAN||E169K,0,0,0
GAN||E486K,0,0,0
GAN||G368R,0,0,0
GAN||I182N,0,0,0
GAN||I423T,0,0,0
GAN||I86F,0,0,0
GAN||L309R,0,0,0
GAN||L75H,0,0,0
GAN||P315L,0,0,0
GAN||R15S,0,0,0
GAN||R269Q,0,0,0
GAN||Y299C,0,0,0
GATA1||D218G,0,0,0
GATA1||V205M,0,0,0
GBA||L224F,0,0,0
GBA||L483P,0,0,0
GBA||R296Q,0,0,0
GBA||V54L,0,0,0
GC||D432E,0,0,0
GC||T436K,0,0,0
GCDH||E181Q,0,0,0
GCDH||R402Q,0,0,0
GCDH||W50C,0,0,0
GCDH||Y295H,0,0,0
GCKR||R518Q,0,0,0
GCLC||H370L,0,0,0
GCLC||P158L,0,0,0
GCLC||P414L,0,0,0
GCLC||R127C,0,0,0
GCNT2||G350E,0,0.00304878,0
GCNT2||R383H,0,0.00277008,0
GDAP1||L239F,0,0.0185185,0
GDAP1||M116T,0,0.00564972,0
GDAP1||R161H,0,0.00757576,0
GDAP1||R310Q,1,1,-0.0054832
GDF5||C400Y,0,0,0
GDF5||M173V,0,0,0
GDF9||P103S,0,0,0
GDF9||P374L,0,0,0
GDF9||T238A,0,0,0
GDF9||V216M,0,0,0
GDI1||L92P,0,0,0
GDI1||R423P,0,0,0
GDNF||D150N,0,0,0
GDNF||P21S,0,0,0
GFAP||E207Q,0,0,0
GFAP||E374G,0,0,0
GFAP||P47L,0,0,0
GFAP||R258P,0,0,0
GGCX||L394R,0,0.0555556,0
GGCX||W157R,0,0.166667,0
GGH||T151I,0,0,0
GIF||I220T,0,0,0
GIF||S46L,0,0,0
GJA1||E352G,0,0.008,0
GJA1||I130T,0,0.037037,0
GJD2||S196S,0,0.333333,0
GK||C262R,0,0.00369004,0
GK||D446V,0,0.0114943,0
GK||T284M,0,0.00401606,0
GLE1||I684T,0,0,0
GLE1||R569H,0,0,0
GLE1||V617M,0,0,0
GLUL||R324C,0,0,0
GLUL||R341C,0,0,0
GNAT1||G38D,0,0,0
GNAT1||Q200E,0,0,0
GNMT||H177N,0,0,0
GNMT||L49P,0,0,0
GNMT||N141S,0,0,0
GNRHR||Q106R,0,0.1,0
GNRHR||Q11K,0,0.0344828,0
GNRHR||S217R,1,1,0.0793966
GNRHR||Y284C,1,1,0.00534495
GPAM||E131G,0,0,0
GPC3||G556R,0,0,0
GPC3||W296R,0,0,0
GPIHBP1||G56R,0,0,0
GPIHBP1||Q115P,0,0,0
GPX1||P200L,0,0,0
GRN||P248L,0,0,0
GRPR||C6S,0,0.0294118,0
GSS||R283C,0,0,0
GSTA2||P110S,0,0,0
GSTO1||A236V,0,0,0
GSTT1||D43N,0,0,0
GSTT1||T104P,0,0,0
GSTT1||T65M,0,0,0
GTF2H5||L21P,0,0,0
GUSB||L243P,0,0,0
GUSB||P148S,0,0,0
GUSB||R382C,0,0,0
GUSB||Y626H,0,0,0
HABP2||G534E,0,0,0
HADHA||E510Q,0,0,0
HADHA||R676C,0,0,0
HADHA||V282D,0,0,0
HADHB||A326P,0,0,0
HADHB||H379R,0,0,0
HADHB||R61H,0,0,0
HADHB||T133P,0,0,0
HAL||R322P,0,0,0
HBB||A116D,0,0,0
HBB||D53G,0,0,0
HBB||L32P,0,0,0
HCCS||E159K,0,0,0
HCCS||R217C,0,0,0
HCRTR1||I408V,0,0.0204082,0
HEXA||L484P,0,0,0
HEXA||R178H,0,0,0
HEXA||S4P,0,0,0
HFE||E168Q,0,0.00714286,0
HFE||H63D,0,0.00408163,0
HFE||Q283P,0,0.04,0
HIF1AN||P41A,0,0,0
HK1||L529S,0,0,0
HK1||T680S,0,0,0
HLA-DPB1||K98E,0,0.00775194,0
HLCS||E42D,0,0,0
HLCS||L237P,0,0,0
HLCS||V547G,0,0,0
HMBS||D61N,0,0,0
HMBS||D99G,0,0,0
HMBS||E209K,0,0,0
HMBS||G274R,0,0,0
HMGCL||R165Q,0,0,0
HMGCL||S142F,0,0,0
HMGCL||V70L,0,0,0
HMGCS2||F174L,0,0,0
HMGCS2||V54M,0,0,0
HNF4A||C102W,0,0,0
HNF4A||D215Y,0,0,0
HNF4A||E285D,0,0,0
HNF4A||M373R,0,0,0
HNF4A||R333H,0,0,0
HNF4A||V264M,0,0,0
HNMT||T105I,0,0,0
HPD||A268V,0,0,0
HPD||Y160C,0,0,0
HPGD||A140P,0,0,0
HPGD||S193P,0,0,0
HPS1||L239P,0,0,0
HPS5||L624R,0,0,0
HRAS||A146V,0,0,0
HRAS||E63K,0,0,0
HRAS||H27H,0,0,0
HRH2||N217D,0,0.0625,0
HSD17B10||L122V,0,0,0
HSD17B10||N247S,0,0,0
HSD17B10||R130C,0,0,0
HSD17B3||A56T,0,0,0
HSD17B3||G289S,0,0,0
HSD17B3||Q176P,0,0,0
HSD17B3||R80Q,0,0,0
HSD17B4||G242E,0,0,0
HSD17B4||R506H,0,0,0
HSD17B4||S153L,0,0,0
HSPB8||K141E,0,0,0
HSPB8||T194T,0,0,0
HTR1B||F124C,1,1,0.00519449
HTR3A||A33T,0,0.0047619,0
HTR3A||M257I,1,1,-0.0296242
HTR3A||P391R,0,0.0151515,0
HTR3A||R344H,0,0.0416667,0
HYLS1||D211G,0,0,0
ICAM1||G241R,0,0.00414938,0
ICK||R272Q,0,0,0
IDH3B||L132P,0,0,0
IFNA17||I184R,0,0,0
IFNAR1||V168L,0,0.0037037,0
IFT80||H105Q,0,0,0
IGFBP5||R138W,0,0,0
IHH||E131K,0,0,0
IHH||T154I,0,0,0
IHH||V190A,0,0,0
IL10||G15R,0,0,0
IL10RA||S159G,0,0.0128205,0
IL12RB1||C186S,0,0.00277008,0
IL12RB1||C198R,0,0.00286533,0
IL12RB1||L77P,0,0.00212766,0
IL12RB1||R173P,0,0.0026738,0
IL18||S35S,0,0,0
IL1A||S113A,0,0,0
IL1B||F105F,0,0,0
IL2RG||R285Q,0,0.333333,0
IL2RG||S108P,0,0.00641026,0
IL2RG||W237R,0,0.037037,0
IL7R||C74Y,0,0.00598802,0
IL7R||L55Q,0,0.00537634,0
IL7R||P132S,0,0.00917431,0
IL9||T117M,0,0,0
IMPDH2||L263F,0,0,0
INHA||A182D,0,0,0
INHA||A257T,0,0,0
INS||F48L,0,0,0
INS||G84R,0,0,0
INS||G90C,0,0,0
INS||R55C,0,0,0
INSL3||R102C,0,0,0
INSL3||R105H,0,0,0
INSR||A1161T,0,0.00546448,0
INSR||R1201Q,0,0.0044843,0
INSR||W1227S,0,0.00401606,0
ISYNA1||L343L,0,0,0
ITGB2||C590R,0,0.00892857,0
ITGB2||S138P,0,0.00177305,0
ITIH3||P36P,0,0,0
ITK||R335W,0,0,0
JAK2||V617F,0,0,0
KCNA1||F414C,1,1,0.0021943
KCNA1||V174F,1,1,-0.000731956
KCNE1||D76N,0,0.0909091,0
KCNE1||W87R,0,0.0454545,0
KCNE2||F60L,1,1,-0.0179753
KCNE2||Q9E,0,0.0243902,0
KCNE2||V65M,1,1,0.00869811
KCNE3||R83H,0,0.142857,0
KCNE3||T4A,0,0.0185185,0
KCNE3||V17M,0,0.0243902,0
KCNJ1||A214V,0,0.0263158,0
KCNJ1||I142T,0,0.0666667,0
KCNJ1||K45E,0,0.0294118,0
KCNJ1||R311Q,0,0.00740741,0
KCNJ10||G77R,1,1,0.109017
KCNJ10||P194H,0,0.0344828,0
KCNJ10||R348C,0,0.00546448,0
KCNJ10||R65P,1,1,-0.00723131
KCNJ11||L147P,1,1,0.061893
KCNJ11||R201H,0,0.0322581,0
KCNJ11||V59A,0,0.125,0
KCNJ13||R162W,0,0.166667,0
KCNK9||G236R,1,1,0.0602012
KCNQ2||A196V,0,0.5,0
KCNQ2||S122L,0,0.333333,0
KCNQ2||Y284C,0,0.2,0
KCNV2||G459D,0,0.0714286,0
KCNV2||L126Q,0,0.0322581,0
KCNV2||R213P,0,0.0263158,0
KEL||L597P,0,0.00188324,0
KEL||R130W,0,0.015625,0
KEL||R406Q,0,0.00294118,0
KEL||T193M,0,0.00787402,0
KERA||N131D,0,0,0
KERA||N247S,0,0,0
KERA||T215K,0,0,0
KHK||A43T,0,0,0
KHK||G40R,0,0,0
KIF6||W719R,0,0,0
KLHL10||A313T,0,0,0
KLHL10||Q216P,0,0,0
KLK1||R77H,0,0,0
KLKB1||A210E,0,0,0
KLKB1||C548Y,0,0,0
KLKB1||G123R,0,0,0
KNG1||M178T,0,0,0
KRIT1||D137G,0,0,0
KRT13||L115P,0,0,0
KRT18||G340R,0,0,0
KRT18||H128L,0,0,0
KRT18||Q285R,0,0,0
KRT18||T103A,0,0,0
KRT2||I477N,0,0,0
KRT2||N186K,0,0,0
KRT2||Q181P,0,0,0
KRT6A||A463P,0,0,0
KRT6A||F174V,0,0,0
KRT6A||N171K,0,0,0
KRT8||R341H,0,0,0
KRT8||V380I,0,0,0
L2HGDH||G211V,0,0,0
L2HGDH||G55D,0,0,0
L2HGDH||H98R,0,0,0
LARS2||H324Q,0,0,0
LBR||N547D,0,0.0666667,0
LDHB||W325R,0,0,0
LDLRAP1||R238W,0,0,0
LEP||R105W,0,0,0
LEP||S141C,0,0,0
LEP||V110M,0,0,0
LFNG||F188L,0,0.00625,0
LHFPL5||T165M,0,0.0666667,0
LHFPL5||Y127C,0,0.333333,0
LHX4||L190R,0,0,0
LHX4||P389T,0,0,0
LHX4||R84C,0,0,0
LIPA||G342W,0,0,0
LIPA||Q85R,0,0,0
LIPC||N215S,0,0,0
LIPC||T405M,0,0,0
LIPG||I239T,0,0,0
LIPG||M342V,0,0,0
LIPG||N396S,0,0,0
LIPG||T111I,0,0,0
LRAT||S175R,0,0.047619,0
LRRK2||G2019S,0,0,0
LTA||T60N,0,0,0
LYZ||I74T,0,0,0
MAGT1||V311G,1,1,0.0835634
MAP2K1||Y130C,0,0,0
MAT1A||A55D,0,0,0
MAT1A||I322M,0,0,0
MAT1A||R199C,0,0,0
MBD4||E346K,0,0,0
MBL2||R52C,0,0,0
MC2R||C251F,0,0.142857,0
MC2R||H139Y,0,0.111111,0
MC2R||L198P,0,0.25,0
MC2R||S74I,1,1,-0.0923
MCCC1||A289V,0,0,0
MCCC1||E134K,0,0,0
MCCC1||L437P,0,0,0
MCCC1||Q123H,0,0,0
MCFD2||D81Y,0,0,0
MCOLN1||D362Y,1,1,-0.296983
MCOLN1||F465L,0,0.0555556,0
MECP2||R306H,0,0,0
MECP2||S134F,0,0,0
MEF2A||G283D,0,0,0
MEF2A||P279L,0,0,0
MFSD8||G52R,1,1,0.143802
MFSD8||R233G,0,0.5,0
MFSD8||T294K,0,0.125,0
MID1||C266R,0,0,0
MID1||K370E,0,0,0
MID1||P151L,0,0,0
MLC1||A275D,1,1,0.0842419
MLC1||G130R,1,1,0.0336897
MLH1||A586D,0,0,0
MLH1||G244D,0,0,0
MLH1||R472I,0,0,0
MLH1||S44F,0,0,0
MMAA||G188R,0,0,0
MMAA||L89P,0,0,0
MMAA||R359Q,0,0,0
MMAB||A135T,0,0,0
MMAB||I96T,0,0,0
MMAB||R186Q,0,0,0
MMACHC||H122R,0,0,0
MMACHC||L116P,0,0,0
MMACHC||L193P,0,0,0
MMACHC||R206P,0,0,0
MMP10||G65R,0,0,0
MMP13||F75S,0,0,0
MMP2||R101H,0,0,0
MPDU1||G73E,0,0.5,0
MPDU1||L119P,1,1,0.0509008
MPDU1||L74S,1,1,0.0180304
MPG||R60C,0,0,0
MPI||M51T,0,0,0
MPI||R418H,0,0,0
MSR1||D174Y,0,0.010101,0
MSR1||K430R,0,0.0028169,0
MSR1||P36A,0,0.0625,0
MSR1||S41Y,0,0.0909091,0
MST1||R689C,0,0,0
MTM1||H469R,0,0,0
MTM1||N189S,0,0,0
MTM1||V49F,0,0,0
MTNR1A||A157V,1,1,-0.0250047
MUSK||V790M,0,0.00363636,0
MVK||H20Q,0,0,0
MVK||N205D,0,0,0
MVK||N301T,0,0,0
MVK||P167L,0,0,0
MYD88||L93P,0,0,0
MYD88||R196C,0,0,0
MYF6||A112S,0,0,0
MYF6||A90D,0,0,0
MYL2||A13T,0,0,0
MYL2||G162R,0,0,0
MYL2||R58Q,0,0,0
MYO1F||K552N,0,0,0
MYOZ2||S48P,0,0,0
NAT1||V149I,0,0,0
NCF1||G262S,0,0,0
NCF2||G78E,0,0,0
NCF2||N419I,0,0,0
NCF2||R395W,0,0,0
NCF2||R77Q,0,0,0
NDP||C128R,0,0,0
NDP||I18K,0,0,0
NDP||S101F,0,0,0
NDP||Y44C,0,0,0
NDUFA13||K5N,0,0.0384615,0
NDUFAF1||T207P,0,0,0
NDUFAF4||L65P,0,0,0
NDUFS3||P223L,0,0,0
NDUFS7||R145H,0,0,0
NDUFS7||V122M,0,0,0
NDUFV1||C206G,0,0,0
NDUFV1||T423M,0,0,0
NELL1||R354W,0,0,0
NEU1||G136E,0,0,0
NEU1||L231H,0,0,0
NEU1||L91R,0,0,0
NEU1||R341G,0,0,0
NEU2||R41Q,0,0,0
NEUROD1||H241Q,0,0,0
NEUROD1||R111L,0,0,0
NF2||L535P,0,0,0
NF2||N220Y,0,0,0
NF2||R418C,0,0,0
NGF||R221W,0,0,0
NHLRC1||C26S,0,0,0
NHLRC1||G194C,0,0,0
NHLRC1||P366L,0,0,0
NIPA1||A100T,1,1,0.0320429
NIPA1||G106R,1,1,0.0602012
NLGN3||R451C,0,0.00384615,0
NOD1||E266K,0,0,0
NODAL||R183Q,0,0,0
NPC2||N111K,0,0,0
NPC2||S67P,0,0,0
NPC2||V30M,0,0,0
NPPA||V32M,0,0,0
NR0B1||I361T,0,0,0
NR0B1||L381P,0,0,0
NR0B1||N440I,0,0,0
NR0B1||R425T,0,0,0
NR0B1||W105C,0,0,0
NR0B1||W291C,0,0,0
NR1H3||S99S,0,0,0
NR1I2||A370T,0,0,0
NR1I2||Q158K,0,0,0
NR1I2||R122Q,0,0,0
NR1I2||R98C,0,0,0
NR1I3||H250R,0,0,0
NR1I3||L312P,0,0,0
NR3C1||D401H,0,0,0
NR3C1||D641V,0,0,0
NR3C1||F737L,0,0,0
NR3C1||I747M,0,0,0
NR3C1||R23K,0,0,0
NR3C1||V571A,0,0,0
NR3C1||V729I,0,0,0
NR5A1||R84H,0,0,0
NR5A1||R92Q,0,0,0
NR5A1||V355M,0,0,0
NSDHL||A105V,0,0.00515464,0
NSDHL||G205S,0,0.0106383,0
NUDT6||R209Q,0,0,0
OLFM2||A226A,0,0,0
OLR1||K167N,0,0.00900901,0
OPRM1||R265H,0,0.0909091,0
OPTC||E66G,0,0,0
OPTC||F162F,0,0,0
OPTN||A336G,0,0,0
OPTN||E50K,0,0,0
OR13G1||I132V,0,0.166667,0
OTC||F316S,0,0,0
OTC||G197E,0,0,0
OTC||R40H,0,0,0
OTX2||N225S,0,0,0
OTX2||P133T,0,0,0
OTX2||P134A,0,0,0
OTX2||R89G,0,0,0
OXCT1||C456F,0,0,0
OXCT1||G219E,0,0,0
OXCT1||V133E,0,0,0
PAFAH1B1||C356R,0,0,0
PAFAH1B1||D155H,0,0,0
PAFAH1B1||F31S,0,0,0
PAFAH1B1||H149R,0,0,0
PAFAH1B1||H277P,0,0,0
PAFAH1B1||R241P,0,0,0
PAFAH1B1||S167P,0,0,0
PAFAH1B1||S399R,0,0,0
PAFAH1B1||V383F,0,0,0
PANK2||F550L,0,0,0
PANK2||G521R,0,0,0
PC||A610T,0,0,0
PCBD1||C82R,0,0,0
PCBD1||E58K,0,0,0
PCBD1||E97K,0,0,0
PCBD1||T79I,0,0,0
PCCA||A75P,0,0,0
PCCA||L417W,0,0,0
PCCA||V360G,0,0,0
PCCB||G112D,0,0,0
PCCB||G131R,0,0,0
PCCB||R165W,0,0,0
PCCB||Y439C,0,0,0
PCSK1||G483R,0,0,0
PCSK1||N221D,0,0,0
PCSK1||S307L,0,0,0
PDHA1||L216F,0,0,0
PDHA1||R127W,0,0,0
PDHA1||R378H,0,0,0
PDHA1||R88C,0,0,0
PDHB||C306R,0,0,0
PDHB||I142M,0,0,0
PDHB||R36C,0,0,0
PDHB||Y132C,0,0,0
PEMT||V175M,1,1,0.00687078
PENK||G247D,0,0,0
PEPD||D276N,0,0,0
PEPD||G448R,0,0,0
PEPD||R184Q,0,0,0
PEPD||S202F,0,0,0
PEX13||I326T,0,0.0136986,0
PEX13||W313G,0,0.0166667,0
PEX2||E55K,1,1,0.00116976
PEX7||D134N,0,0,0
PEX7||G217R,0,0,0
PEX7||H110R,0,0,0
PEX7||S164P,0,0,0
PEX7||S25F,0,0,0
PEX7||S262L,0,0,0
PGAM2||E89A,0,0,0
PGK1||C316R,0,0,0
PGK1||D268N,0,0,0
PGK1||R206P,0,0,0
PHEX||C77S,0,0.027027,0
PHEX||G579V,0,0.00185529,0
PHEX||L206W,0,0.0060241,0
PHEX||P558R,0,0.0019305,0
PHKG2||D215N,0,0,0
PHKG2||G189E,0,0,0
PHKG2||H145Y,0,0,0
PHKG2||L226R,0,0,0
PHKG2||V106E,0,0,0
PHYH||I199F,0,0,0
PHYH||N83Y,0,0,0
PIGR||A580V,0,0.0166667,0
PIK3CD||E1021K,0,0,0
PIK3R1||M326I,0,0,0
PIK3R1||R409Q,0,0,0
PIP4K2A||N251S,0,0,0
PITX1||E130K,0,0,0
PKP2||G328R,0,0,0
PLG||C784G,0,0,0
PLOD3||N223S,0,0,0
PLP1||A247E,1,1,0.159101
PLP1||L86P,1,1,0.051677
PLP1||P15L,1,1,-0.0852642
PLP1||W163L,1,1,-0.0175274
PLTP||R235W,0,0,0
PLTP||R476Q,0,0,0
PMP22||C109R,1,1,0.182922
PMP22||L16P,1,1,0.154554
PMP22||L80P,1,1,0.164711
PMP22||R157G,0,0.5,0
PMS1||M394T,0,0,0
PNKD||A7V,0,0,0
PNKD||A9V,0,0,0
PNMT||N9S,0,0,0
PNP||E89K,0,0,0
PNP||G156A,0,0,0
PNP||G51S,0,0,0
PNP||H257D,0,0,0
PNPLA3||S453I,0,0.00255102,0
PNPO||R229W,0,0,0
PNPO||R95C,0,0,0
PNPO||R95H,0,0,0
POLB||R137Q,0,0,0
POLG2||G451E,0,0,0
POU4F3||L223P,0,0,0
PPARA||R127Q,0,0,0
PPARA||V227A,0,0,0
PPARG||D424N,0,0,0
PPARG||P113Q,0,0,0
PPARG||V318M,0,0,0
PPT1||E184K,0,0,0
PPT1||H39Q,0,0,0
PPT1||R122W,0,0,0
PPT1||Y247H,0,0,0
PQBP1||Y65C,0,0,0
PRKAG3||R225W,0,0,0
PRKAR1A||A213D,0,0,0
PRKAR1A||G289W,0,0,0
PRKAR1A||R74C,0,0,0
PRKAR1A||S147G,0,0,0
PRKRA||P222L,0,0,0
PROC||G114R,0,0,0
PROC||H176N,0,0,0
PROC||Q332L,0,0,0
PRODH||A167V,0,0,0
PRODH||D426N,0,0,0
PRODH||L289M,0,0,0
PROK2||C34Y,0,0,0
PROK2||G32R,0,0,0
PROZ||E70K,0,0,0
PROZ||E70Q,0,0,0
PROZ||L264P,0,0,0
PRPS1||N114S,0,0,0
PRSS2||D153H,0,0,0
PRSS2||G191R,0,0,0
PSAT1||D100A,0,0,0
PSEN2||M239V,1,1,-0.0106191
PSEN2||N141I,1,1,-0.0660477
PSEN2||R71W,0,0.0555556,0
PSEN2||T430M,0,0.0454545,0
PSMB9||V32I,0,0,0
PSPH||M52T,0,0,0
PTAFR||A224D,0,0.0909091,0
PTCH1||G110R,1,1,0.161588
PTCH1||T230P,0,0.00877193,0
PTH||C18R,0,0,0
PTH1R||H223R,1,1,0.0155903
PTH1R||P132L,0,0.0178571,0
PVRL1||S112T,0,0.00408163,0
PVRL1||T131A,0,0.00442478,0
PVRL1||V360G,1,1,0.0434906
PYCRL||V105M,0,0,0
RAC2||D57N,0,0,0
RAG2||M285R,0,0,0
RAG2||N474S,0,0,0
RAG2||R229Q,0,0,0
RAG2||T77N,0,0,0
RAPSN||A189V,0,0,0
RAPSN||F139S,0,0,0
RAPSN||L14P,0,0,0
RBM28||L351P,0,0,0
RBP4||G93D,0,0,0
RDH12||C285Y,0,0,0
RDH12||L99I,0,0,0
RDH12||P230A,0,0,0
REEP1||A20E,1,1,0.0470558
REEP1||L107P,0,0.0322581,0
REEP1||P19R,1,1,0.00872328
REN||D104N,0,0,0
REN||R230K,0,0,0
REN||S135Y,0,0,0
REN||V351I,0,0,0
RFX5||R149Q,0,0,0
RFXANK||D121V,0,0,0
RFXANK||L195P,0,0,0
RGR||A234T,1,1,0.0244094
RGR||H152N,0,0.5,0
RGR||V132L,1,1,-0.00439431
RGS2||Q2L,0,0,0
RGS2||Q2R,0,0,0
RGS2||R44H,0,0,0
RGS9||W299R,0,0,0
RLBP1||G146D,0,0,0
RLBP1||I200T,0,0,0
RLBP1||M226K,0,0,0
RLBP1||R151Q,0,0,0
RNASEH2C||P76L,0,0,0
RNASEH2C||R69W,0,0,0
RP2||C86Y,0,0,0
RP2||L253R,0,0,0
RP2||R118H,0,0,0
RP2||R282W,0,0,0
RPA4||A33T,0,0,0
RPE65||E148D,0,0,0
RPE65||G104D,0,0,0
RPE65||P363T,0,0,0
RPE65||T457N,0,0,0
RPIA||A135V,0,0,0
RPL11||L20H,0,0,0
RPS19||G127E,0,0,0
RPS19||R101H,0,0,0
RPS19||R62W,0,0,0
RPS19||V15F,0,0,0
RPS6KA3||D193N,0,0,0
RPS6KA3||E260D,0,0,0
RPS6KA3||F68C,0,0,0
RPS6KA3||G431D,0,0,0
RPS6KA3||G75V,0,0,0
RPS6KA3||I189K,0,0,0
RPS6KA3||L467R,0,0,0
RPS6KA3||N544K,0,0,0
RPS6KA3||N620D,0,0,0
RPS6KA3||R667S,0,0,0
RRM2B||L317V,0,0,0
RRM2B||W64R,0,0,0
RTN4R||L347R,0,0,0
RTN4R||R196H,0,0,0
RTN4R||R227C,0,0,0
RTN4R||R377W,0,0,0
RTN4R||R399W,0,0,0
RXRG||G14S,0,0,0
SALL4||H888R,0,0,0
SALL4||V754M,0,0,0
SART3||V591M,0,0,0
SBDS||N8K,0,0,0
SBDS||R126T,0,0,0
SCARB1||A350A,0,0.0105263,0
SCARB2||H363N,0,0.0138889,0
SCN1B||C121W,0,0.0263158,0
SCN1B||E87Q,0,0.0138889,0
SCN1B||R85C,0,0.0135135,0
SCN1B||R85H,0,0.0135135,0
SCNN1B||P616L,0,0.015625,0
SCNN1G||E197K,0,0.00819672,0
SCNN1G||G183S,0,0.00925926,0
SCNN1G||L609F,0,0.0208333,0
SCNN1G||N530S,0,0.0769231,0
SCO1||P174L,0,0.015625,0
SCO2||C133Y,0,0.0178571,0
SCO2||E140K,0,0.015873,0
SCO2||L151P,0,0.0135135,0
SCO2||S225F,0,0.00675676,0
SDHA||A524V,0,0,0
SDHA||A83V,0,0,0
SDHA||R451C,0,0,0
SDHB||C186Y,0,0,0
SDHB||G53R,0,0,0
SDHB||L87S,0,0,0
SDHB||R230L,0,0,0
SDHD||G12S,0,0.0188679,0
SDHD||G148D,0,0.2,0
SDHD||L101P,1,1,0.221244
SEMA3E||S703L,0,0,0
SEMA4A||D345H,0,0.00294118,0
SEMA4A||F350C,0,0.00298507,0
SEMA4A||R713Q,0,0.1,0
SERPINA10||F145L,0,0,0
SERPINA10||Q384R,0,0,0
SERPINA10||S143Y,0,0,0
SERPINA3||L266L,0,0,0
SERPINA3||L78P,0,0,0
SERPINA3||M414V,0,0,0
SERPINA3||P252A,0,0,0
SERPINA7||A133P,0,0,0
SERPINC1||L158P,0,0,0
SERPINC1||N437K,0,0,0
SERPINC1||P48H,0,0,0
SERPINC1||R79C,0,0,0
SERPIND1||E447K,0,0,0
SERPIND1||P462L,0,0,0
SERPIND1||R208H,0,0,0
SETX||L1976R,0,0,0
SFTPA2||A91P,0,0,0
SFTPA2||F198S,0,0,0
SFTPA2||G231V,0,0,0
SFTPA2||Q223K,0,0,0
SFTPC||C189G,0,0,0
SFTPC||H64P,0,0,0
SFTPC||P30L,0,0,0
SFTPC||Y104H,0,0,0
SFTPD||T180A,0,0,0
SGSH||D273N,0,0,0
SGSH||D444G,0,0,0
SGSH||F193L,0,0,0
SH2D1A||G93D,0,0,0
SH2D1A||P101L,0,0,0
SH2D1A||R32T,0,0,0
SHBG||D356N,0,0,0
SHBG||P185L,0,0,0
SHMT1||S394N,0,0,0
SIX2||L43F,0,0,0
SIX2||P241L,0,0,0
SLC10A2||L243P,1,1,0.0692878
SLC10A2||P290S,1,1,-0.0702882
SLC10A2||T262M,0,0.0555556,0
SLC14A1||N74K,0,0.5,0
SLC14A1||S291P,1,1,0.110622
SLC15A1||P586L,1,1,-0.0509008
SLC17A8||A211V,0,0.111111,0
SLC19A3||E320Q,1,1,-0.0104698
SLC19A3||G23V,1,1,-0.0530954
SLC19A3||K44E,0,0.0909091,0
SLC19A3||T422A,1,1,-0.016982
SLC22A11||E278K,0,0.5,0
SLC22A12||H86H,0,0.0172414,0
SLC22A12||M430T,0,0.25,0
SLC22A12||Q297E,0,0.0555556,0
SLC22A12||T217M,0,0.333333,0
SLC22A2||M165I,1,1,-0.0297675
SLC22A2||T199I,0,0.5,0
SLC22A2||T201M,0,0.25,0
SLC22A6||R454Q,0,0.333333,0
SLC25A15||E180K,1,1,0.00222042
SLC25A15||T32R,0,0.125,0
SLC26A2||N425D,1,1,0.0728166
SLC28A1||V189I,1,1,-0.025517
SLC28A2||E385K,0,0.2,0
SLC28A2||F355S,1,1,0.0159425
SLC29A3||G427S,1,1,0.00781535
SLC29A3||G437R,0,0.5,0
SLC29A3||M116R,1,1,0.213286
SLC29A3||T449R,0,0.142857,0
SLC2A1||P485L,0,0.0277778,0
SLC2A1||R212H,0,0.142857,0
SLC2A1||S66F,0,0.5,0
SLC2A2||G318R,1,1,0.109545
SLC2A2||V197I,1,1,-0.0226645
SLC2A2||W444R,1,1,0.226815
SLC30A2||H54R,0,0.0113636,0
SLC30A8||R325W,0,0.0166667,0
SLC35C1||R147C,1,1,-0.154606
SLC35C1||T308R,0,0.0434783,0
SLC36A2||G87V,1,1,-0.0530954
SLC39A4||P200L,0,0.00775194,0
SLC45A2||G198D,1,1,0.185889
SLC45A2||L361P,0,0.142857,0
SLC45A2||P58A,1,1,-0.165685
SLC45A2||T302S,0,0.0555556,0
SLC47A1||A310V,1,1,-0.0250047
SLC47A1||D328A,0,0.1,0
SLC47A1||G64D,0,0.142857,0
SLC47A1||N474S,0,0.0588235,0
SLC4A1||G455E,1,1,0.0355207
SLC4A1||R646W,0,0.0526316,0
SLC5A2||K311R,1,1,-0.00222191
SLC5A2||R368W,0,0.111111,0
SLC5A2||T51P,0,0.125,0
SLC5A2||V116M,0,0.333333,0
SLC5A5||G543E,1,1,0.094184
SLC5A5||G93R,1,1,0.136186
SLC5A5||Q267E,0,0.5,0
SLC5A5||T354P,1,1,0.0830251
SLC5A7||I89V,1,1,0.0196029
SLC6A20||T199M,1,1,-0.0256801
SLC7A10||E112D,0,0.5,0
SLC7A9||G105R,0,0.142857,0
SLC7A9||N227D,1,1,0.112541
SLC7A9||V330M,0,0.166667,0
SLC9A3R1||L110V,0,0,0
SLC9A3R1||R153Q,0,0,0
SLCO2B1||S486F,0,0.037037,0
SLURP1||C77R,0,0,0
SLURP1||L98P,0,0,0
SLURP1||R71H,0,0,0
SLURP1||W15R,0,0,0
SMARCA2||D1546E,0,0,0
SMPD1||D51V,0,0,0
SMPD1||G244R,0,0,0
SMPD1||P332R,0,0,0
SNCA||A30P,0,0,0
SNCA||A53T,0,0,0
SOD1||G38R,0,0,0
SOD1||G42S,0,0,0
SOD1||L127S,0,0,0
SPINK1||N34S,0,0,0
SPINK1||P55S,0,0,0
SPINK1||R65Q,0,0,0
SPP1||D94D,0,0,0
SPRY2||D20A,0,0,0
SPRY2||K68N,0,0,0
SQSTM1||A381V,0,0,0
SQSTM1||P387L,0,0,0
SQSTM1||P392L,0,0,0
SQSTM1||S399P,0,0,0
SRPX2||N327S,0,0,0
SSH1||S63N,0,0,0
STAR||A218V,0,0,0
STAR||M144R,0,0,0
STAT1||E320Q,0,0,0
STAT1||L600P,0,0,0
STAT1||L706S,0,0,0
STAT1||Q463H,0,0,0
STAT3||N472D,0,0,0
STAT3||R382L,0,0,0
STAT3||R382W,0,0,0
STK11||F354L,0,0,0
STK11||K108R,0,0,0
STK11||L183L,0,0,0
STK11||L67P,0,0,0
STK11||L67R,0,0,0
STK11||M136R,0,0,0
STK11||N181Y,0,0,0
STK11||S232P,0,0,0
STK11||W239C,0,0,0
STK11||W308C,0,0,0
STOX1||E608D,0,0,0
STOX1||N825I,0,0,0
STRA6||Q438R,1,1,0.0111248
STS||R454C,0,0.00452489,0
STS||S341L,0,0.00925926,0
STS||W372R,0,0.00719424,0
STXBP1||C180Y,0,0,0
STXBP1||M443R,0,0,0
STXBP1||V84D,0,0,0
SULT1A1||H149Y,0,0,0
SULT1C2||R73Q,0,0,0
SULT1C2||S111F,0,0,0
SULT2B1||D191N,0,0,0
SULT2B1||R230H,0,0,0
SUN2||G671S,0,0.0022779,0
SUOX||Q396R,0,0,0
SUOX||R268Q,0,0,0
SUOX||W450R,0,0,0
SURF1||G124R,0,0.0217391,0
SURF1||L203P,0,0.0138889,0
SURF1||Y274D,1,1,0.0635178
SYNGR1||K99E,0,0.166667,0
TAC3||M90T,0,0,0
TACR3||G93D,1,1,0.174408
TALDO1||R192C,0,0,0
TALDO1||R192H,0,0,0
TAP2||M577V,0,0.00671141,0
TAS2R38||A49P,0,0.125,0
TAS2R38||I296V,1,1,0.00530979
TAT||L273P,0,0,0
TAT||P220S,0,0,0
TAT||R119W,0,0,0
TAT||R433W,0,0,0
TBX20||A63T,0,0,0
TBX20||I121F,0,0,0
TBX20||I152M,0,0,0
TBX20||T262M,0,0,0
TBX22||G118C,0,0,0
TBX22||R120W,0,0,0
TBX22||R151L,0,0,0
TCAP||E132Q,0,0,0
TCAP||R18Q,0,0,0
TCAP||R70W,0,0,0
TCAP||R87Q,0,0,0
TCF4||G358V,0,0,0
TCF4||R578H,0,0,0
TCF4||R578P,0,0,0
TDGF1||P125L,0,0,0
TDGF1||V110L,0,0,0
TEK||R849W,0,0.0123457,0
TEKT2||A229V,0,0,0
TFAP2A||G262E,0,0,0
TFAP2A||R254W,0,0,0
TFPI||P179L,0,0,0
TGFBI||L509R,0,0,0
TGFBR2||A329T,0,0.00699301,0
TGFBR2||L308P,0,0.00819672,0
TGFBR2||R254H,0,0.0147059,0
THAP1||F81L,0,0,0
THRB||A268G,0,0,0
THRB||C446R,0,0,0
THRB||L330S,0,0,0
THRB||M442V,0,0,0
THRB||N343K,0,0,0
THRB||P453L,0,0,0
THRB||Q374K,0,0,0
THRB||S314C,0,0,0
TIMM44||A424A,0,0,0
TIMM44||P308Q,0,0,0
TIMM8A||C66W,0,0,0
TIMP3||G190C,0,0,0
TIMP3||S170C,0,0,0
TIMP3||S204C,0,0,0
TIMP3||Y191C,0,0,0
TINF2||E281K,0,0,0
TINF2||L287P,0,0,0
TINF2||P236S,0,0,0
TINF2||S245Y,0,0,0
TIRAP||S180L,0,0,0
TLR2||R753Q,0,0.00689655,0
TLR2||T411I,0,0.00558659,0
TLR3||L412F,0,0.00340136,0
TLR6||T255I,0,0.003003,0
TMEM43||S358L,1,1,-0.102879
TMPRSS3||A306T,0,0.00420168,0
TMPRSS3||C407R,0,0.00294985,0
TMPRSS3||R109W,0,0.0243902,0
TMPRSS3||R216L,0,0.00675676,0
TMPRSS5||A317S,0,0.00403226,0
TNFAIP3||F127C,0,0,0
TNFRSF11B||C87Y,0,0,0
TNFRSF13B||A149T,0,0.0555556,0
TNFRSF13B||C104R,0,0.015873,0
TNFRSF13B||L171R,1,1,0.158275
TNFRSF13B||V246F,0,0.0163934,0
TNFRSF1B||M196R,0,0.015873,0
TNNC1||C84Y,0,0,0
TNNC1||D75Y,0,0,0
TNNC1||E134D,0,0,0
TNNC1||L29Q,0,0,0
TNNI2||R174Q,0,0,0
TOR1A||D216H,0,0,0
TOR1A||R288Q,0,0,0
TP53||G245C,0,0,0
TP53||P152L,0,0,0
TP53||V31I,0,0,0
TP63||D351N,0,0,0
TP63||I549T,0,0,0
TPH2||P206S,0,0,0
TPH2||P312P,0,0,0
TPH2||R303W,0,0,0
TPH2||R441H,0,0,0
TPM1||D175N,0,0,0
TPM1||E40K,0,0,0
TPM1||M281T,0,0,0
TPM1||V95A,0,0,0
TPM2||E117K,0,0,0
TPM2||Q147P,0,0,0
TPM2||R91G,0,0,0
TPM3||L100M,0,0,0
TPM3||M9R,0,0,0
TPM3||R168G,0,0,0
TPM3||R245G,0,0,0
TPMT||A80P,0,0,0
TPMT||G144R,0,0,0
TPMT||L49S,0,0,0
TPMT||R215H,0,0,0
TPO||A53P,0,0.00125786,0
TPO||S131P,0,0.0013947,0
TPP1||G77R,0,0,0
TPP1||P544S,0,0,0
TPP1||R206H,0,0,0
TRIB3||Q84R,0,0,0
TRIM37||C109S,0,0,0
TRIM5||H43Y,0,0,0
TRIM5||R136Q,0,0,0
TSFM||R312W,0,0,0
TSHR||A204V,0,0.00471698,0
TSHR||G132R,0,0.00352113,0
TSHR||K183R,0,0.00429185,0
TSHR||P27T,0,0.00257069,0
TSHR||R109Q,0,0.00325733,0
TSSK4||V227I,0,0,0
TSSK4||V255V,0,0,0
TTR||C10R,0,0,0
TTR||I93V,0,0,0
TTR||R123S,0,0,0
TTR||V50M,0,0,0
TUBA1A||E55K,0,0,0
TUBA1A||I188L,0,0,0
TUBA1A||L286F,0,0,0
TUBA1A||R402L,0,0,0
TUBB1||R318W,0,0,0
TUBB2B||F265L,0,0,0
TUBB2B||I210T,0,0,0
TUBB2B||L228P,0,0,0
TUFM||R339Q,0,0,0
TULP1||F382S,0,0,0
TULP1||R420P,0,0,0
TULP1||R482W,0,0,0
UBE3A||R506C,0,0,0
UCHL1||I93M,0,0,0
UCHL1||S18Y,0,0,0
UCP1||A64T,0,0.0909091,0
UCP1||K257N,0,0.0909091,0
UCP1||M229L,1,1,-0.0161523
UCP2||A268G,0,0.5,0
UCP2||A55V,0,0.0625,0
UCP2||L175V,1,1,0.00322571
UGT1A10||I211T,0,0.00359712,0
UGT1A10||Q328R,0,0.00621118,0
UGT1A10||R400C,0,0.011236,0
UMPS||G429R,0,0,0
UQCRQ||S45F,1,1,-0.0309419
UROD||P62L,0,0,0
UROD||S219F,0,0,0
UROD||Y182C,0,0,0
UROS||A69T,0,0,0
UROS||G188R,0,0,0
UROS||L237P,0,0,0
UROS||P53L,0,0,0
USH1G||L48P,0,0,0
VANGL1||M328T,0,0.0116279,0
VANGL1||R274Q,0,0.03125,0
VAPB||P56S,0,0.00595238,0
VCAM1||G413A,0,0.00348432,0
VCP||A439S,0,0,0
VCP||T262A,0,0,0
VHL||L198R,0,0,0
VHL||S65W,0,0,0
VKORC1||L128R,1,1,0.0290966
VKORC1||R98W,0,0.25,0
VKORC1||V45A,0,0.0588235,0
WISP3||C114Y,0,0,0
WISP3||C145Y,0,0,0
WISP3||C78R,0,0,0
WISP3||S334P,0,0,0
WNT4||A114V,0,0,0
WNT4||E216G,0,0,0
WNT7A||A109T,0,0,0
WNT7A||G204S,0,0,0
WNT7A||R292C,0,0,0
WRAP53||R68G,0,0,0
XRCC4||I134T,0,0,0
YARS||E196K,0,0,0
YARS||G41R,0,0,0
ZCCHC12||R7C,0,0,0
ZCCHC12||T344I,0,0,0
ZDHHC9||P150S,0,0.0285714,0
ZDHHC9||R148W,0,0.027027,0
ZFYVE27||G191V,0,0.0120482,0
ZNF624||K135N,0,0,0
CD207||A55V,1,1,-0.0328245
CD207||E114V,0,0.0196078,0
CD207||R66Q,0,0.333333,0
CRYBA4||V36M,0,0,0
EFHC1||M448T,0,0,0
EFHC1||R159W,0,0,0
EIF2B4||R306G,0,0,0
FKBP6||R202H,0,0,0
FMO1||K373R,0,0.00719424,0
FMO3||G180V,0,0.00302115,0
FMO3||V277A,0,0.0042735,0
FOXP3||G52V,0,0,0
GFAP||D295N,0,0,0
KRT2||G219D,0,0,0
KRT6A||F249L,0,0,0
KRT6A||N21S,0,0,0
KRT6A||V523F,0,0,0
LTA||H51P,0,0,0
MCEE||A76V,0,0,0
MCEE||R143H,0,0,0
OAS1||R242Q,0,0,0
PGBD1||H806D,0,0,0
PGBD1||I678V,0,0,0
PGBD1||P256L,0,0,0
PGBD1||Q248E,0,0,0
PITX1||G299A,0,0,0
PNPO||R116Q,0,0,0
RPGR||Q184H,0,0,0
RPGR||R425K,0,0,0
SERPING1||V56A,0,0,0
SMAD3||I170V,0,0,0
TINF2||G237D,0,0,0
TNFRSF13B||K188M,0,0.333333,0
TNFRSF13B||P205L,0,0.05,0
TNFRSF13B||V174A,1,1,0.0310858
TUFM||G149S,0,0,0
VANGL1||E347A,0,0.00952381,0
ALK||F1174L,0,0.00862069,0
ALK||G1202R,0,0.00694444,0
ALK||R1275Q,0,0.00460829,0
ALK||S1206Y,0,0.00675676,0
ALK||T1151M,0,0.0107527,0
BRAF||A749V,0,0,0
BRAF||D594V,0,0,0
BRAF||E586K,0,0,0
BRAF||G464V,0,0,0
BRAF||G466A,0,0,0
BRAF||G466E,0,0,0
BRAF||G466V,0,0,0
BRAF||G469A,0,0,0
BRAF||G469E,0,0,0
BRAF||G596R,0,0,0
BRAF||V600E,0,0,0
EGFR||G719S,0,0.0192308,0
EGFR||L858R,0,0.0052356,0
EGFR||T790M,0,0.00813008,0
ERBB2||V842I,0,0.00595238,0
ERBB4||E872K,0,0.00505051,0
FLT3||D835Y,0,0.003663,0
PDGFRA||D842V,0,0.00340136,0
PDGFRA||T674M,0,0.00793651,0
A4GALT||A272V,0,0.00434783,0
ACVR1B||D335N,0,0.00534759,0
ACVR1B||E412D,0,0.00378788,0
AKT1||D44N,0,0,0
AKT1||E17K,0,0,0
AKT1||E267G,0,0,0
AKT1||L52R,0,0,0
AKT1||Q79K,0,0,0
AKT1||R370C,0,0,0
AKT1||V201I,0,0,0
ARSI||P228L,0,0,0
ARSI||V373M,0,0,0
B2M||A6V,0,0,0
B2M||D54N,0,0,0
BTC||P70S,0,0.02,0
C15orf23||P26L,0,0,0
C15orf23||P26S,0,0,0
C20orf72||P102S,0,0,0
CBFB||R151H,0,0,0
CCNG1||E167K,0,0,0
CD3E||E189Q,0,0.0263158,0
CD70||D165Y,0,0.0078125,0
CDK4||A23S,0,0,0
CDKN1B||C29F,0,0,0
CHD2||E287Q,0,0,0
CHD2||E412K,0,0,0
CHD2||P195L,0,0,0
COPS2||G68R,0,0,0
CPXCR1||A56S,0,0,0
CPXCR1||E73K,0,0,0
CPXCR1||S102P,0,0,0
CTNNB1||G34R,0,0,0
CTNNB1||H36Y,0,0,0
CTNNB1||I35S,0,0,0
CTNNB1||R535Q,0,0,0
CTNNB1||T257I,0,0,0
CYP3A5||D336N,0,0,0
CYP3A5||G177R,0,0,0
DNAJC12||R178C,0,0,0
DNASE2||Y182H,0,0,0
EDNRB||F292L,1,1,-0.00677803
EGFR||A289V,0,0.0027933,0
ELF1||P32S,0,0,0
ERBB2||R897Q,0,0.0044843,0
EYS||N269H,0,0,0
EYS||Q172L,0,0,0
FAM196A||Q46R,0,0,0
FAM196A||R399Q,0,0,0
FBXW7||A502V,0,0,0
FBXW7||I347M,0,0,0
FBXW7||R465C,0,0,0
FBXW7||R465H,0,0,0
FBXW7||R505C,0,0,0
FBXW7||R658Q,0,0,0
FBXW7||R689Q,0,0,0
FBXW7||S462Y,0,0,0
FTH1||A161T,0,0,0
GABRA6||G175R,0,0.0142857,0
GABRA6||G212R,0,0.030303,0
GABRA6||P345S,0,0.047619,0
GALNT14||R336Q,0,0.00321543,0
GALNT14||V534F,0,0.00196464,0
GALNTL5||D221E,0,0.00512821,0
GALNTL5||G309E,0,0.00353357,0
GATA3||R330K,0,0,0
GATA3||S118F,0,0,0
GATA3||S140F,0,0,0
GPR141||E267K,0,0.5,0
GPR141||Q224K,0,0.2,0
GZMA||G210E,0,0,0
GZMA||H38N,0,0,0
H2AFX||K134N,0,0,0
HERPUD2||P46L,0,0.00389105,0
HERPUD2||R285Q,0,0.0555556,0
HIST1H1E||A60D,0,0,0
HIST1H3B||A48S,0,0,0
HIST1H3B||L101W,0,0,0
HRAS||A11D,0,0,0
HRAS||A59T,0,0,0
HRAS||G12A,0,0,0
HRAS||G12C,0,0,0
HRAS||G12D,0,0,0
HRAS||Q61K,0,0,0
HRAS||Q61L,0,0,0
HRAS||Q61R,0,0,0
HRH4||S170L,0,0.25,0
IDH1||E190K,0,0,0
IDH1||P33S,0,0,0
IDH1||R132H,0,0,0
IDH2||A416V,0,0,0
IDH2||A47V,0,0,0
IDH2||E268D,0,0,0
IDH2||G137E,0,0,0
IDH2||I139F,0,0,0
IDH2||R172K,0,0,0
IDH2||R172M,0,0,0
IDH2||T331M,0,0,0
IKZF5||E135K,0,0,0
ILKAP||S61Y,0,0,0
IRF4||R96L,0,0,0
ISX||R86C,0,0,0
ISX||T87A,0,0,0
KIF2B||E161G,0,0,0
KIF2B||I119T,0,0,0
KIF2B||Q430H,0,0,0
KIF2B||R504Q,0,0,0
KIF2B||W60L,0,0,0
KIR3DL2||R96Q,0,0.00406504,0
KLRC2||G174R,0,0.0121951,0
KPNA3||V154G,0,0,0
KRAS||A59G,0,0,0
KRAS||D33E,0,0,0
KRAS||E62K,0,0,0
KRAS||G12A,0,0,0
KRAS||G12C,0,0,0
KRAS||G12D,0,0,0
KRAS||G12S,0,0,0
KRT26||S2C,0,0,0
LCE1B||G102C,0,0,0
LCE1B||S42F,0,0,0
LZTR1||R810W,0,0,0
LZTR1||V456G,0,0,0
MAGEC2||D15N,0,0,0
MAGEC2||E269K,0,0,0
MAGEC2||G74V,0,0,0
MAGEC2||R287W,0,0,0
MAGEC2||S85I,0,0,0
MAP2K1||C121S,0,0,0
MAP2K1||E203K,0,0,0
MAP2K1||L177M,0,0,0
MAP2K1||P124S,0,0,0
MFAP4||Y55S,0,0,0
NFE2L2||G31R,0,0,0
NFE2L2||G31V,0,0,0
NFE2L2||N160S,0,0,0
NFE2L2||T80K,0,0,0
NFKBIA||P137S,0,0,0
NRAS||Q61H,0,0,0
NRAS||Q61K,0,0,0
NRAS||Q61L,0,0,0
NRAS||Q61R,0,0,0
OMA1||P177S,0,0.05,0
OR2G6||I177F,0,0.05,0
OR2G6||K236M,0,0.5,0
OR2G6||N294Y,0,0.333333,0
OR2G6||N42S,1,1,-0.0636077
OR2G6||R265K,0,0.142857,0
OR2G6||W149C,1,1,0.0123137
OR2M2||N42Y,1,1,-0.124061
OR2M2||V117I,1,1,-0.0104093
OR2T33||F164V,0,0.111111,0
OR2T33||L60P,1,1,0.105049
OR2T33||P285L,1,1,-0.154937
OR2T33||R120S,0,0.333333,0
OR2T33||W147C,1,1,0.0123137
OR2T33||W49L,0,0.333333,0
OTUD6A||R171P,0,0,0
OTUD6A||V211M,0,0,0
PIK3CA||D1045V,0,0,0
PIK3CA||H1047Y,0,0,0
PIK3CG||K973R,0,0,0
PIK3CG||V168M,0,0,0
PIK3CG||W212C,0,0,0
PIK3R3||R383C,0,0,0
PIK3R4||E1209K,0,0,0
PIK3R4||R998Q,0,0,0
PPIAL4G||N35H,0,0,0
PPP2R1A||R258H,0,0,0
PPP2R1A||S143F,0,0,0
PSG2||H245Y,0,0,0
PSG2||S265C,0,0,0
PTEN||F90S,0,0,0
PTEN||G127V,0,0,0
PTEN||G129E,0,0,0
PTEN||G129V,0,0,0
PTEN||R173H,0,0,0
RB1||F755I,0,0,0
RB1||I782M,0,0,0
RB1||L550I,0,0,0
RB1||R451H,0,0,0
RB1||V654L,0,0,0
REG1A||E80K,0,0,0
REG1A||P105T,0,0,0
REG1A||S131I,0,0,0
REG3A||G85R,0,0,0
REG3A||P109S,0,0,0
RET||M918T,0,0.00381679,0
RHOA||F106L,0,0,0
RHOA||G62E,0,0,0
RHOA||R5Q,0,0,0
RHOA||S85F,0,0,0
RHOA||T175M,0,0,0
SAMHD1||D218H,0,0,0
SAMHD1||I515T,0,0,0
SERPINB4||A137E,0,0,0
SERPINB4||E110K,0,0,0
SERPINB4||E250K,0,0,0
SERPINB4||E290K,0,0,0
SERPINB4||F182I,0,0,0
SGK1||A48G,0,0,0
SGK1||F27L,0,0,0
SLC2A3||F88S,0,0.25,0
SLC2A3||G109V,1,1,-0.0261698
SLC2A3||K49N,0,0.0588235,0
SMAD2||D304G,0,0,0
SPANXN4||P4Q,0,0,0
SPATA8||E18K,0,0,0
SPATA8||P83T,0,0,0
SPOP||E47A,0,0,0
SPOP||E50K,0,0,0
SPOP||F102C,0,0,0
SPOP||F133S,0,0,0
SPOP||K101I,0,0,0
SPOP||K134N,0,0,0
SPOP||W131C,0,0,0
SPOP||W131G,0,0,0
STAG2||E134D,0,0,0
STAG2||P572S,0,0,0
STK11||D194Y,0,0,0
SV2C||G146S,0,0.1,0
SV2C||M727I,0,0.111111,0
SV2C||R121Q,0,0.0285714,0
SYCP1||E509K,0,0,0
SYCP1||E773K,0,0,0
TBL1XR1||L81V,0,0,0
TBL1XR1||R166Q,0,0,0
TBL1XR1||T349M,0,0,0
TMPO||D185H,0,0,0
TNF||S157R,0,0.00980392,0
TNFRSF14||A102P,0,0.00980392,0
TP53||C176F,0,0,0
TP53||C275F,0,0,0
TP53||C275S,0,0,0
TP53||I195F,0,0,0
TRAF3||D463N,0,0,0
TRAT1||D40Y,0,0.0769231,0
TRAT1||E76K,0,0.0204082,0
TRIM55||E369G,0,0,0
TRIM55||R322H,0,0,0
WBSCR17||A398V,0,0.00268817,0
WBSCR17||D348N,0,0.00310559,0
WBSCR17||E289K,0,0.00380228,0
WBSCR17||E507K,0,0.002079,0
WBSCR17||S194R,0,0.00595238,0
WIPI1||P139S,0,0,0
WNT2||V334M,0,0,0
XPO1||E571A,0,0,0
XPO1||E571K,0,0,0
XPO1||R553C,0,0,0
YTHDC1||E483Q,0,0,0
ZNF454||H462Y,0,0,0
ZNF454||P299L,0,0,0
ACVRL1||P30S,0,0.0111111,0
AHCY||R38W,0,0,0
AHCY||R335C,0,0,0
AHCY||G123R,0,0,0
AHCY||C421R,0,0,0
ALK||D1529E,0,0.00212314,0
AMHR2||R33W,0,0.00847458,0
ANG||G110G,0,0,0
APOH||N75S,0,0,0
APOH||A160D,0,0,0
APOH||A119T,0,0,0
AQP1||V107I,1,1,-0.00861131
AQP1||V107G,1,1,0.0311789
AQP1||G165D,1,1,0.0636599
ARL13B||P396A,0,0,0
ARL13B||G315R,0,0,0
BTK||Y418H,0,0,0
BTK||R236Q,0,0,0
BTK||E205D,0,0,0
CAPN3||D778N,0,0,0
CFP||V53M,0,0,0
CFP||R79Q,0,0,0
CFP||G250S,0,0,0
CFP||D299N,0,0,0
CRYGC||V86F,0,0,0
CRYGC||S106N,0,0,0
CRYGC||R91W,0,0,0
CRYGC||R48H,0,0,0
CRYGD||V126M,0,0,0
CRYGD||R15H,0,0,0
EFHC1||R159G,0,0,0
EFHC1||N607S,0,0,0
GGCX||V460I,0,0.0119048,0
GGCX||S13I,0,0.0188679,0
GGCX||R325Q,0,0.047619,0
GGCX||D31N,0,0.0285714,0
GNPTAB||R46Q,0,0.2,0
IL12RB1||R156H,0,0.00255754,0
IL7R||V138I,0,0.00970874,0
IL7R||T414M,0,0.00662252,0
IL7R||T244I,1,1,-0.033006
IL7R||I66T,0,0.00571429,0
MC2R||T33I,1,1,-0.0624208
MC2R||P27R,0,0.5,0
MC2R||A252T,0,0.166667,0
MCOLN1||T24N,0,0.0232558,0
MCOLN1||S257R,0,0.0232558,0
MCOLN1||R236Q,0,0.015625,0
MCOLN1||L209F,0,0.010989,0
MITF||V427A,0,0,0
MITF||E208G,0,0,0
NR0B1||C200W,0,0,0
PNPLA3||Y220C,0,0.00628931,0
PNPLA3||S453R,0,0.00255102,0
PNPLA3||E331G,0,0.0037037,0
PRODH||R521Q,0,0,0
PRODH||R453C,0,0,0
RFXANK||R179C,0,0,0
RFXANK||Q251E,0,0,0
RFXANK||P259S,0,0,0
RFXANK||E48D,0,0,0
RP2||T87I,0,0,0
RP2||R251G,0,0,0
RP2||I201V,0,0,0
RPE65||N321K,0,0,0
RPE65||K294T,0,0,0
SCARB2||V396I,0,0.025641,0
SCARB2||R121Q,0,0.0105263,0
SCARB2||M159V,0,0.0075188,0
SCARB2||G462E,0,0.25,0
SEMA4A||R723C,0,0.05,0
SEMA4A||R510Q,0,0.00571429,0
SEMA4A||P682S,0,0.333333,0
SEMA4A||A676V,0,0.111111,0
SLC14A1||W171R,0,0.333333,0
SLC14A1||V76I,0,0.25,0
SLC14A1||I117T,1,1,0.0205068
SLC2A1||V433I,1,1,-0.00948823
SLC2A1||P479T,0,0.0333333,0
SLC2A1||F104L,1,1,-0.0157579
SLC39A4||P84L,0,0.00408163,0
STAG2||R560K,0,0,0
STAG2||M1057V,0,0,0
STAG2||I314V,0,0,0
TSFM||W91G,0,0,0
TSFM||V252I,0,0,0
TSFM||S2L,0,0,0
TSFM||L266I,0,0,0
VAPB||D162E,0,0.016129,0
VAPB||D130E,0,0.0106383,0
